name,address,openPrice,normalizedEPS,peratio,new PE ratio,netincome,operating_margin,net_profit_margin,aquirer multiple,normalized aquirer multiple,cash,assets,roe,new roe,roa,new roa,price/Sales,price/CF,long term debt/equity,revenue_per_share_5_yr_growth,eps_per_share_5_yr_growth,compare
DBS,https://www2.sgx.com/securities/equities/D05,25.96,2.12,12.085023323615161,12.245283018867925,5491000000.0,48.784,41.413999999999994,0.05638858771388075,460.37684312511385,0.0,550751000000.0,11.38,0.0,1.058,0.009970022750753062,4.606757275879947,11.26856997084548,35560000.0,7.196000000000001,7.7,0.16025969525276373
OCBC Bank,https://www2.sgx.com/securities/equities/O39,11.4,1.05,10.754258943781942,10.857142857142858,4472990000.0,26.241999999999997,22.092,0.11092448686460685,102.77261876284096,0.0,467542990000.0,11.022,0.0,1.016,0.009567013292189452,2.232827677475339,9.549199318568995,71840000.0,2.309,7.0489999999999995,0.10288391336091607
Genting Sing,https://www2.sgx.com/securities/equities/G13,0.92,0.06,14.601782383419689,15.333333333333334,755390000.0,38.405,29.749000000000002,0.08955848528679487,10.272616793973974,4214240000.0,9767140000.0,9.924,0.044027965180494316,7.797999999999999,0.0773399377914108,4.155537920481087,10.336414507772021,10690000.0,-1.926,5.452999999999999,0.731550949913645
UOB,https://www2.sgx.com/securities/equities/U11,26.13,2.33,11.137742761692648,11.214592274678111,3896940000.0,50.488,42.06100000000001,16.958701423038427,1.5408019369043402,0.0,388092360000.0,10.465,0.0,1.077,0.010041269557586757,4.4338508154721445,10.176538975501114,81350000.0,5.504,4.865,0.07684951298546316
SingTel,https://www2.sgx.com/securities/equities/Z74,3.5,0.23,18.5611821086262,15.217391304347826,3102100000.0,14.876,17.764,0.05057044788942024,69.21038167692853,524900000.0,48253700000.0,18.847,0.08000196001062532,6.32,0.0642872981760984,3.706172360644694,10.79520766773163,29020000.0,-1.179,8.718,-3.343790804278372
YZJ Shipbldg SGD,https://www2.sgx.com/securities/equities/BS6,1.53,0.2,8.30885625,7.6499999999999995,730610000.0,19.644000000000002,15.594000000000001,0.21392076314733863,7.152180917315667,18615420000.0,44911480000.0,13.199000000000002,0.010991138609809992,8.209,0.016267778305235098,1.2372022265625,7.26845625,10020000.0,9.434,2.484,-0.6588562500000004
Keppel Corp,https://www2.sgx.com/securities/equities/BN4,6.66,0.31,14.912907216494848,21.483870967741936,809100000.0,14.872,14.245999999999999,0.04525301924497762,147.17250055617353,1957640000.0,26606330000.0,8.308,0.04052585946527503,2.9530000000000003,0.03041005655421097,1.9616708362163022,11.349463917525775,53800000.0,-13.776,-12.743,6.570963751247088
CapitaLand,https://www2.sgx.com/securities/equities/C31,3.53,0.39,9.0394931880109,9.051282051282051,1762490000.0,56.861000000000004,50.867,0.051636150139147394,68.36295871182247,5059840000.0,64647560000.0,9.434,0.034468542900329704,4.5169999999999995,0.02726305524910762,2.56917189228519,5.117057220708447,107850000.0,9.327,15.876,0.011788863271151584
UOL,https://www2.sgx.com/securities/equities/U14,7.55,0.55,14.371998722860791,13.727272727272727,433720000.0,29.62,25.52,0.04124252472107665,183.06347758922806,677170000.0,20663710000.0,4.542,0.02505858481278281,3.037,0.020989454459049223,2.514998026387686,7.9318390804597705,29710000.0,15.689,-12.769,-0.6447259955880646
SGX,https://www2.sgx.com/securities/equities/S68,7.92,0.34,22.93983036935705,23.294117647058822,371730000.0,50.214,42.817,0.051036995746573784,155.18154789766766,571600000.0,2114940000.0,34.123000000000005,0.10964581096546598,20.971,0.17576385145677892,10.621068289040556,19.647233926128592,0.0,3.362,1.5519999999999998,0.35428727770177204
Jardine C&C,https://www2.sgx.com/securities/equities/C07,36.23,1.58,25.370057499999998,22.930379746835442,569020000.0,9.056000000000001,8.317,0.02620864108596685,1382.3685051492037,1949300000.0,27230800000.0,6.684,0.026084389431288615,5.996,0.020896191077750193,0.5641399577932098,4.640459166666667,45610000.0,-2.344,-15.755,-2.439677753164556
ComfortDelGro,https://www2.sgx.com/securities/equities/C52,2.66,0.13,19.015432950191574,20.461538461538463,303300000.0,11.532,9.429,0.053655015762155964,49.575980217606336,586100000.0,5136700000.0,11.594000000000001,0.05284892838473602,7.202000000000001,0.05904569081316799,1.547634943703117,7.672214559386974,18350000.0,-0.07200000000000001,2.49,1.4461055113468895
JMH USD,https://www2.sgx.com/securities/equities/J36,63.02,6.07,13.61046676051932,10.382207578253707,1732000000.0,10.224,10.589,0.030901731067872477,2039.3679519630487,5038000000.0,86258000000.0,6.6610000000000005,0.021095453272109422,5.332000000000001,0.0200792969927427,1.070850844041376,8.227200375410606,26850000.0,1.125,1.666,-3.228259182265612
CityDev,https://www2.sgx.com/securities/equities/C09,9.47,0.62,16.55356,15.274193548387098,544430000.0,21.421999999999997,15.649000000000001,0.04084316533593603,231.86253861837153,1953600000.0,20885690000.0,5.801,0.02893520179384114,3.283,0.026067130173817576,2.083688873046019,9.914322162162161,50480000.0,5.631,-4.51,-1.279366451612903
Wilmar Intl,https://www2.sgx.com/securities/equities/F34,3.7,0.27,15.13691056910569,13.703703703703704,1563990000.0,3.2439999999999998,2.8489999999999998,0.03126962486406923,118.32569198012777,3695720000.0,45679890000.0,7.205,0.06326930444178439,2.927,0.03423804216691415,0.38910040319915407,8.233252032520326,34420000.0,0.415,-2.426,-1.4332068654019867
Best World,https://www2.sgx.com/securities/equities/CGN,1.36,0.13,10.64236559139785,10.461538461538462,72890000.0,34.976,27.252,0.0842357074343299,16.145172177253396,206720000.0,288390000.0,48.074,0.10416130783960674,29.978,0.2527480148410139,2.1481364319574516,10.419354838709678,0.0,43.26,116.465,-0.18082712985938798
SIA,https://www2.sgx.com/securities/equities/C6L,9.27,0.75,16.681280040733196,12.36,661900000.0,6.3389999999999995,4.31,0.054166499587143084,171.13898942438436,2726100000.0,27549200000.0,6.5329999999999995,0.024841433664852693,2.58,0.024026106021227477,0.6478446901663756,5.205171079429734,21800000.0,0.8420000000000001,18.722,-4.321280040733196
Venture,https://www2.sgx.com/securities/equities/V03,16.29,1.27,11.628852043455769,12.826771653543306,370060000.0,12.425,10.621,0.07621161976979585,213.7469332000216,712830000.0,3204600000.0,16.39,0.07995315936618227,11.658,0.11547775073332085,1.1348938316157229,11.704697878944646,0.0,7.193,21.703,1.1979196100875367
ThaiBev,https://www2.sgx.com/securities/equities/Y92,0.83,0.04,21.485288343558285,20.75,982320000.0,9.774,9.812,0.03308595436703476,25.086173751934197,22529720000.0,417941610000.0,14.839,0.002273218447309325,6.095,0.0023503761685753186,1.9664336632918067,15.764907975460124,179220000.0,0.0,0.0,-0.7352883435582847
SPH,https://www2.sgx.com/securities/equities/T39,2.44,0.19,14.400979591836736,12.842105263157894,266100000.00000003,21.74,31.287,0.05238395212409938,46.57915069522735,481160000.0,6196690000.0,8.083,0.05251928766398709,4.737,0.04294228047554421,4.051721116201582,11.538710204081632,37860000.0,-4.525,-8.177,-1.5588743286788418
DairyFarm USD,https://www2.sgx.com/securities/equities/D01,7.15,0.16,104.4526874205845,44.6875,92000000.0,0.672,0.66,0.008135394181955165,878.8756684782609,296200000.0,5389600000.0,5.865,0.01861669836901534,1.43,0.017069912423927563,0.7420314465205717,31.29465057179161,1000000.0,2.548,-28.75,-59.765187420584496
ST Engineering,https://www2.sgx.com/securities/equities/S63,4.14,0.16,26.254232558139535,25.874999999999996,494240000.0,8.514,7.71,0.04062796444231082,101.90025655551958,414820000.0,7573020000.0,22.156,0.062496680685764,6.622,0.06526326353291025,2.064501892915089,16.99860465116279,12040000.0,0.038,-3.328,-0.37923255813953816
HongkongLand USD,https://www2.sgx.com/securities/equities/H78,6.44,1.05,6.118904494382022,6.133333333333334,2457100000.0,87.484,92.185,0.12149973124779645,53.00423246917098,1286800000.0,44963000000.0,6.5360000000000005,0.05756219837885958,5.597,0.054647154326891,5.086190411564196,6.089960674157303,10810000.0,7.595,15.721,0.01442883895131164
Sembcorp Ind,https://www2.sgx.com/securities/equities/U96,2.41,0.18,12.388106227106228,13.388888888888891,347000000.0,3.575,2.84,0.025417055796663552,94.81822046109511,1924000000.0,23321000000.0,5.0539999999999985,0.020988326377547935,1.411,0.014879293340765834,0.3226332568530371,4.616959706959708,130669999.99999999,1.639,-15.691,1.0007826617826634
Hi-P,https://www2.sgx.com/securities/equities/H17,1.39,0.12,11.02260544217687,11.583333333333332,100950000.0,8.878,7.198,0.08571428571428572,16.216666666666665,286650000.0,1224680000.0,18.48,0.06197624090616079,8.059,0.08242969592056701,0.8261652089407191,7.227054421768707,0.0,2.472,74.225,0.5607278911564624
SATS,https://www2.sgx.com/securities/equities/S58,5.22,0.22,22.157552581261946,23.727272727272727,263870000.0,13.611,15.35,0.04692523829847774,111.24077765566376,373280000.0,2348360000.0,16.152,0.09112980653004275,12.001,0.11236352177689962,3.296358177743493,16.550294455066922,5890000.0,-1.175,5.22,1.5697201460107806
AEM,https://www2.sgx.com/securities/equities/AWX,1.03,0.12,8.301422018348624,8.583333333333334,33490000.000000004,16.72,12.767,0.14158281897353514,7.27489399820842,58890000.0,136430000.0,45.472,0.13187635361291594,26.466,0.2454738693835667,1.0045555929635552,7.887532110091743,50000.0,41.033,47.779,0.28191131498470945
Yanlord Land,https://www2.sgx.com/securities/equities/Z25,1.29,0.37,3.406112582781457,3.4864864864864864,716570000.0,42.356,21.679,0.07760638292111564,16.622344083620582,10317370000.0,106680780000.0,14.843,0.006476153499036173,5.069,0.006716955012889857,0.4181962633217841,2.222046357615894,133590000.0,17.687,19.629,0.08037390370502928
First Resources,https://www2.sgx.com/securities/equities/EB5,1.59,0.1,15.59928260869565,15.9,162730000.0,29.543,20.156,0.04814582507381788,33.024670312788054,55360000.0,1571040000.0,12.605,0.137348075624578,7.734,0.1035810673184642,2.5537872164461244,9.60308152173913,37640000.0,0.222,-12.818,0.3007173913043495
TheHourGlass,https://www2.sgx.com/securities/equities/AGS,0.765,0.07,8.862927631578946,10.928571428571427,64060000.0,10.89,9.099,0.147886511069557,5.172885576022479,180500000.0,626080000.0,10.109,0.06804397471984705,10.451,0.10231919243547151,0.798402527700831,7.863394736842105,0.0,2.818,-1.172,2.0656437969924806
Olam Intl,https://www2.sgx.com/securities/equities/O32,1.97,0.07,21.227507692307693,28.14285714285714,292390000.0,2.843,1.06,0.01945445811093679,101.26213687198603,2486430000.0,23446820000.0,4.58,0.017053563669301195,1.413,0.01247034779129963,0.20922669296515448,8.814487179487179,102620000.0,0.0,0.0,6.915349450549446
SingPost,https://www2.sgx.com/securities/equities/S08,0.95,0.05,22.294855769230768,18.999999999999996,103140000.0,10.749,8.132,0.044517340354360446,21.339999030444055,315970000.0,2684140000.0,6.537000000000001,0.03369421050224432,4.569,0.03842571549919155,1.3066891642011835,11.9225,12930000.0,13.108,-5.242,-3.2948557692307716
Frencken,https://www2.sgx.com/securities/equities/E28,0.655,0.08,9.15286923076923,8.1875,30030000.0,6.418,4.85,0.1092,5.998168498168498,67080000.0,463740000.0,11.728,0.056746031746031746,6.867,0.0647561133393712,0.4437489349112426,5.90406923076923,460000.0,5.91,9.894,-0.9653692307692303
JSH USD,https://www2.sgx.com/securities/equities/J37,38.13,4.27,11.829071447902571,8.929742388758784,1836000000.0,11.97,12.747,0.03655692686065997,1043.0307816993463,4640000000.0,85043000000.0,5.916,0.0228267356276109,5.232,0.021589078466187694,1.2799977102510252,7.857153450608932,22110000.0,2.273,2.974,-2.8993290591437866
Japfa,https://www2.sgx.com/securities/equities/UD2,0.53,0.08,0.0,6.625,0.0,0.0,0.0,0.0,0.0,166700000.0,2889270000.0,13.630999999999998,0.0,0.0,0.0,0.0,0.0,99750000.0,1.294,14.361,6.625
China Everbright,https://www2.sgx.com/securities/equities/U9E,0.335,0.04,7.996226666666668,8.375,116920000.0,27.783,15.451,0.05893293681796416,5.684427386247007,2253920000.0,19584390000.0,8.541,0.005589473890531024,3.916,0.005970060849482674,1.0262851555555559,6.632106666666668,68150000.0,0.0,0.0,0.3787733333333323
InnoTek,https://www2.sgx.com/securities/equities/M14,0.52,0.1,6.2192,5.2,20240000.0,10.694,9.271,0.24035150219688872,2.163498023715415,60140000.0,223560000.0,14.271,0.05887486183024027,9.361,0.09053497942386832,0.590857520661157,5.392872727272727,20000.0,-2.688,84.804,-1.0191999999999997
Frasers Property,https://www2.sgx.com/securities/equities/TQ5,1.87,0.28,7.253837696335079,6.678571428571428,741470000.0,21.561,27.332,0.04165468191726029,44.892912727419855,2585190000.0,32420940000.0,7.447999999999999,0.032610736953308246,4.179,0.022870095685072672,1.1243835695293443,4.292188481675393,130669999.99999999,-11.634,-24.743,-0.5752662677636513
SingMedical,https://www2.sgx.com/securities/equities/5OT,0.385,0.03,14.102468085106384,12.833333333333334,12930000.0,17.807,15.182,0.05776189412553049,6.665293890177881,20010000.0,181790000.0,10.816,0.06341654813870225,7.392,0.07112602453380273,1.7821892258940697,10.965946808510639,8950000.0,4.016,0.0,-1.2691347517730502
China Sunsine,https://www2.sgx.com/securities/equities/CH8,1.14,0.26,4.3216363636363635,4.384615384615384,129620000.0,21.671,19.53,0.0,0.0,1038599999.9999999,2747300000.0,31.53,0.03243857392401135,26.306,0.047180868489061986,0.7953292807868315,3.7516363636363637,0.0,12.888,51.243,0.06297902097902064
StarHub,https://www2.sgx.com/securities/equities/CC3,1.54,0.11,13.78954248366013,14.0,201700000.0,11.579,8.493,0.057391952606823865,26.833030242935052,166000000.0,2635500000.0,35.712,0.10402269210933471,7.611,0.07653196736862075,1.1377277115639284,5.42724183006536,185270000.0,-0.142,-12.644,0.2104575163398703
Valuetronics,https://www2.sgx.com/securities/equities/BN2,0.685,0.08,8.434434782608697,8.5625,34680000.0,7.996,7.182,0.1916127962870877,3.574917820069204,671090000.0,1968760000.0,20.468,0.012518409425625921,9.594,0.01761514862146732,0.6061192501575301,6.992956521739131,0.0,3.586,9.811,0.1280652173913026
Hong Fok,https://www2.sgx.com/securities/equities/H30,0.845,0.27,0.0,3.1296296296296293,0.0,0.0,0.0,0.0,0.0,68200000.0,3379950000.0,10.478,0.0,0.0,0.0,0.0,0.0,34500000.0,-11.044,-8.867,3.1296296296296293
Citic Envirotech,https://www2.sgx.com/securities/equities/CEE,0.305,0.04,9.719780219780219,7.625,75520000.0,19.925,11.381,0.03581744108287052,8.515404528601694,376520000.0,3786760000.0,5.37,0.02392834171395619,3.204,0.019943170414813718,0.49742144668518284,4.849835164835165,85040000.0,0.0,0.0,-2.094780219780219
Koufu,https://www2.sgx.com/securities/equities/VL6,0.69,0.05,14.474474999999998,13.799999999999999,24510000.0,12.976,10.935,0.06944719916130677,9.935605875152998,95980000.0,159700000.0,36.478,0.0706584409594096,0.0,0.15347526612398246,1.4759099999999998,10.687237499999998,4770000.0,0.0,0.0,-0.6744749999999993
Bumitama Agri,https://www2.sgx.com/securities/equities/P8Z,0.63,0.06,10.39543448275862,10.5,105970000.0,21.619,15.455,0.060620448603904836,10.392532792299708,299053000000.0,16538804000000.0,14.416,6.2937340462238425e-06,8.14,6.407355695127653e-06,1.1870188822829966,6.204413793103448,12030000.0,15.671,5.181,0.10456551724137952
GL,https://www2.sgx.com/securities/equities/B16,0.79,0.07,12.549150000000001,11.285714285714285,98180000.0,30.545,20.639,0.0735094825585313,10.746912813200245,105400000.0,1455600000.0,6.579,0.0715691563033051,5.106,0.0674498488595768,2.3228221875000004,8.628775,23200000.0,-1.673,10.309,-1.2634357142857162
United Engineers,https://www2.sgx.com/securities/equities/U04,2.58,0.09,29.419138339920952,28.666666666666668,55690000.0,14.67,14.136,0.0227576427511861,113.36850781109716,251250000.0,3621670000.0,2.911,0.018346477963801202,1.521,0.015376884144607321,4.462280679279478,24.53753359683795,37800000.0,-29.476,-13.573,-0.7524716732542842
Sheng Siong,https://www2.sgx.com/securities/equities/OV8,1.1,0.05,23.35457142857143,22.0,70800000.0,9.404,7.916,0.047469627484109746,23.17271186440678,87230000.0,436340000.0,25.244,0.11591355599214145,16.794,0.16225878901773846,1.944780045351474,19.013238095238098,0.0,3.587,10.862,-1.354571428571429
UIC,https://www2.sgx.com/securities/equities/U06,2.94,0.22,13.626177049180328,13.363636363636363,313370000.0,57.952,51.677,0.06750172324659659,43.55444362893704,247890000.0,8421650000.0,4.704,0.03700642065000077,4.07,0.03721004791222623,6.2811863477559795,11.805304918032787,4520000.0,0.738,-0.927,-0.26254068554396426
APAC Realty,https://www2.sgx.com/securities/equities/CLN,0.53,0.07,7.645046153846153,7.571428571428571,24240000.0,7.006,5.773,0.10023984782069308,5.287318481848185,43020000.0,283200000.0,17.563,0.07776209418709099,9.339,0.08559322033898305,0.3596849704142012,7.2185999999999995,38180000.0,0.0,0.0,-0.0736175824175822
Chip Eng Seng,https://www2.sgx.com/securities/equities/C29,0.72,0.12,7.254,6.0,63120000.0,9.076,7.429,0.031519182658457295,22.8432319391635,342560000.0,3004840000.0,7.85,0.033595554656646195,2.797,0.02100611014230375,0.4001399999999999,4.6008,214030000.0,16.993,-2.591,-1.2539999999999996
Oxley,https://www2.sgx.com/securities/equities/5UX,0.33,0.07,5.995000000000001,4.714285714285714,221560000.0,30.301,22.133,0.049853405426811846,6.619407384004333,254980000.0,5995490000.0,22.980999999999998,0.083974181615582,3.999,0.03695444409047467,1.5028200000000003,5.6254,223840000.0,19.802,31.398,-1.2807142857142866
GuocoLand,https://www2.sgx.com/securities/equities/F17,2.0,0.34,11.728205128205131,5.88235294117647,192540000.0,34.083,30.669,0.030169462311675898,66.29219902357951,884930000.0,10499240000.0,9.624,0.024158092848180678,2.359,0.01833847021308209,3.3367521367521378,9.854358974358977,77770000.0,11.327,56.611,-5.845852187028661
Ho Bee Land,https://www2.sgx.com/securities/equities/H13,2.38,0.41,5.865335968379447,5.804878048780488,270040000.0,133.598,137.402,0.06633341112025448,35.87935491038365,176320000.0,5970840000.0,8.422,0.07003747746813119,5.109,0.04522646729773365,7.999840022496836,6.172948616600791,62930000.0,7.521,-14.135,-0.06045791959895919
PEC,https://www2.sgx.com/securities/equities/IX2,0.595,0.03,13.19948,19.833333333333332,11740000.0,4.585,3.417,0.13964553348400144,4.260787904599659,86800000.0,345860000.0,4.56,0.023604632459385554,3.657,0.03394437055455965,0.382460288,6.0823279999999995,3350000.0,-9.29,-3.357,6.633853333333333
Fu Yu,https://www2.sgx.com/securities/equities/F13,0.205,0.01,12.681395348837208,20.5,11890000.0,8.458,6.17,0.15339956134692298,1.3363793103448274,80610000.0,211590000.0,7.216,0.031613091914599455,5.448,0.056193581927312254,0.7273120605732827,7.85960465116279,0.0,-7.478,11.712,7.818604651162792
UMS,https://www2.sgx.com/securities/equities/558,0.63,0.08,7.846125000000001,7.875,43070000.0,34.877,33.339,0.10975485449263545,5.740065010448108,18930000.0,275030000.0,19.416,0.1496681377488967,15.969,0.1566010980620296,2.311421875,6.993,1500000.0,1.232,8.349,0.028874999999999318
China Aviation,https://www2.sgx.com/securities/equities/G92,1.32,0.15,8.822301369863013,8.8,127280000.0,0.16,0.455,0.16625738021840222,7.939497171590195,357690000.0,1653570000.0,12.599,0.050987052941930525,5.268,0.07697285267633061,0.03678363670482267,8.796986301369865,0.0,5.776,5.983,-0.0223013698630119
OUE,https://www2.sgx.com/securities/equities/LJ3,1.5,0.02,0.0,75.0,10020000.0,17.927,8.808,0.0021018539106649158,713.6556886227545,437030000.0,9265820000.0,0.252,0.0015063478581146597,0.619,0.0010813937676320067,1.974583828775268,23.106896551724137,76800000.0,7.02,0.0,75.0
Riverstone,https://www2.sgx.com/securities/equities/AP4,0.98,0.06,16.962749999999996,16.333333333333332,42470000.0,16.402,14.08,0.05312070043777361,18.44855191900165,97010000.0,872860000.0,19.333,0.042679556623019026,15.708,0.048656141878422654,2.0932187499999997,12.886999999999999,1830000.0,20.239,16.918,-0.6294166666666641
Sunningdale Tech,https://www2.sgx.com/securities/equities/BHQ,1.38,0.1,8.80831343283582,13.799999999999999,29760000.0,5.195,4.094,0.10839950462591973,12.730685483870966,88750000.0,714430000.0,7.963,0.03804653541293787,4.256,0.04165558557171451,0.370146803296948,4.317134328358208,6150000.0,4.319,12.023,4.991686567164178
CSE Global,https://www2.sgx.com/securities/equities/544,0.485,0.04,12.397346153846152,12.125,20110000.0,6.669,5.16,0.08714681920610158,5.5653207359522625,74050000.0,269080000.0,11.649,0.05282097079218323,7.031,0.07473613795153858,0.6193794378698224,9.172096153846153,190000.0,-1.962,42.805,-0.27234615384615246
Tianjin ZX USD,https://www2.sgx.com/securities/equities/T14,0.92,0.73,20.98671844660194,1.2602739726027399,561680000.0,10.113,8.929,0.05684652006347767,16.183928215353937,1508370000.0,7105310000.0,11.946,0.05697898184865186,8.273,0.07905073810994875,1.396173060608917,0.0,0.0,0.329,8.936,-19.7264444739992
Sarine Tech,https://www2.sgx.com/securities/equities/U77,0.31,0.03,10.217172413793104,10.333333333333334,10310000.0,17.103,12.994,0.0,0.0,28850000.0,75910000.0,11.149,0.07165195635554938,9.729,0.13581873270978792,0.9532551195666535,6.9525517241379315,0.0,-5.346,-20.6,0.11616091954022956
F & N,https://www2.sgx.com/securities/equities/F99,1.71,0.08,18.472596774193548,21.375,134940000.0,7.028,10.068,0.044443127025531576,38.47614050689195,530130000.0,4490750000.0,4.335,0.028801639221796526,4.196,0.030048432889829092,1.180763007284079,9.805838709677419,17630000.0,-3.561,0.0,2.9024032258064523
Asian Healthcare,https://www2.sgx.com/securities/equities/1J3,0.245,0.01,26.0807037037037,24.5,2450000.0,27.018,22.572,0.033406053995091355,7.334,13020000.0,14650000.0,32.563,0.060211354141066604,0.0,0.16723549488054607,6.5459362139917685,31.283777777777775,0.0,0.0,0.0,-1.5807037037037013
SIA Engineering,https://www2.sgx.com/securities/equities/S59,2.51,0.15,16.75676,16.733333333333334,166550000.0,7.053,16.141,0.07210112773003745,34.81221555088562,499780000.0,1818590000.0,12.069,0.06013786031262299,9.419,0.09158193985450266,2.698458832,12.53996,1160000.0,-1.094,-7.544,-0.023426666666665596
Raffles Medical,https://www2.sgx.com/securities/equities/BSL,1.04,0.04,26.182962962962964,26.0,71060000.0,17.221,14.475,0.036297881687090396,28.65180973824937,105980000.0,1116290000.0,9.261,0.05864197530864197,6.673,0.06365729335566922,3.691572016460905,21.05037037037037,12140000.0,6.031,-4.801,-0.18296296296296433
Far East Orchard,https://www2.sgx.com/securities/equities/O10,1.19,0.08,15.533218749999996,14.874999999999998,32939999.999999996,23.63,22.164,0.05544147843942505,21.464074074074073,256290000.00000003,2145360000.0000002,2.625,0.01394132285970644,1.58,0.015354066450385945,3.179829040527343,11.027953124999998,6870000.0,-3.141,0.081,-0.6582187499999979
SIIC Environment,https://www2.sgx.com/securities/equities/BHK,0.275,0.04,6.761615384615384,6.875,109210000.0,27.548,12.878,0.0353328652912268,7.783121966852853,2136290000.0,29718750000.0,7.035,0.003684929579413252,2.472,0.0036747844374342797,0.5820887573964496,3.6469230769230765,110890000.0,13.271,8.935,0.11338461538461608
Bukit Sembawang,https://www2.sgx.com/securities/equities/B61,5.77,0.21,11.062728395061727,27.476190476190474,134320000.0,47.627,40.191,0.09967941106625505,57.88557474687313,112740000.0,1326580000.0,4.384,0.09612549558446763,9.524,0.10125284566328453,4.5244683363972005,11.0545873015873,0.0,-22.66,-13.564,16.41346208112875
Hong Leong Fin,https://www2.sgx.com/securities/equities/S41,2.72,0.26,10.258285714285716,10.461538461538462,118340000.0,62.322,51.889,-0.6213378137141657,-4.377650836572587,0.0,13381260000.0,6.545,0.0,0.913,0.008843711279804743,5.1798236734693885,10.108685714285716,0.0,6.509,10.864,0.2032527472527459
ISDN,https://www2.sgx.com/securities/equities/I07,0.235,0.03,8.287326086956522,7.833333333333333,10950000.0,8.067,5.49,0.13424052960647298,1.7505890410958902,41880000.0,283100000.0,7.808,0.03236867776168376,6.373,0.038678912045213704,0.3278005671077504,5.173065217391303,8390000.0,10.058,16.413,-0.45399275362318914
Straits Trading,https://www2.sgx.com/securities/equities/S20,2.24,0.18,12.776035874439462,12.444444444444446,71720000.0,0.445,18.13,0.048297922488972696,46.378806469604015,293640000.0,2576330000.0,4.871,0.031194136963660482,3.3,0.027838048697177768,2.023022381306682,10.283910313901345,42070000.0,-7.815,-13.279,-0.3315914299950151
KSH,https://www2.sgx.com/securities/equities/ER0,0.41,0.05,9.076654545454545,8.2,25510000.0,12.901,14.596,0.06660226620019842,6.1559466875735005,50370000.0,580300000.0,8.938,0.04391234744289329,4.533,0.04396002067895916,0.9674780165289254,8.314799999999998,17650000.0,-11.982,-5.593,-0.8766545454545458
Sunpower,https://www2.sgx.com/securities/equities/5GD,0.485,0.06,15.479205607476633,8.083333333333334,64800000.0,12.123,10.192,0.09325619549261721,5.200726851851852,782580000.0,6623450000.0,22.479,0.009066195821435117,5.722,0.009783421026806271,0.5169238361428945,4.289757009345794,98680000.0,-5.391,12.5,-7.395872274143299
IFAST,https://www2.sgx.com/securities/equities/AIY,1.08,0.04,26.819052631578952,27.0,10910000.0,9.076,8.816,0.042288460793054,25.538881759853346,85420000.0,157980000.0,13.086,0.037433522044947674,7.782,0.0690593746043803,2.2653074792243775,17.81147368421053,10000.0,5.856,-0.384,0.18094736842104808
Wing Tai,https://www2.sgx.com/securities/equities/W05,2.07,0.26,7.2429804878048785,7.961538461538461,216210000.0,11.555,59.914,0.13449826752844427,15.390532815318439,792150000.0,4531710000.0,6.462,0.04022885849846498,5.067,0.04771046690984198,4.462821487209994,7.132917073170732,22430000.0,-22.708,-16.467,0.7185579737335823
HRnetGroup,https://www2.sgx.com/securities/equities/CHZ,0.7,0.05,14.74578616352201,13.999999999999998,48180000.0,15.209,12.234,0.09548724656638326,7.330821917808219,299500000.0,415310000.0,14.919,0.047575787498765676,13.258,0.11600972767330428,1.4552114235987499,13.256855345911948,0.0,0.0,0.0,-0.7457861635220127
Penguin Intl,https://www2.sgx.com/securities/equities/BTM,0.455,0.04,7.288666666666668,11.375,13580000.0,14.447,12.662,0.2725265904073851,1.6695618556701033,42620000.0,206750000.0,9.239,0.04668110412154962,7.058,0.065683192261185,0.999916666666667,4.404833333333333,50000.0,-0.556,-3.781,4.086333333333332
QAF,https://www2.sgx.com/securities/equities/Q01,0.73,0.02,51.674552941176465,36.5,8130000.000000001,0.851,1.063,0.015142766674737844,48.20783517835178,64940000.0,783630000.0,1.551,0.01011772904895836,1.079,0.010374794226867273,0.44549702422145326,9.749364705882353,10280000.0,-5.616,-23.999,-15.174552941176465
Haw Par,https://www2.sgx.com/securities/equities/H02,14.12,0.81,17.512937728937725,17.432098765432098,179070000.0,80.31,75.298,0.07025796959293772,200.97364159267323,519429999.99999994,3030450000.0,5.963,0.04425568302580655,5.689,0.059090234123645,13.700920809886082,16.99158388278388,0.0,10.769,10.436,-0.08083896350562725
Lian Beng,https://www2.sgx.com/securities/equities/L03,0.47,0.11,4.128971962616822,4.2727272727272725,56890000.0,24.173,18.942,0.07828001375988992,6.004086834241518,202220000.0,1748640000.0,8.811,0.036869017452674284,3.705,0.032533854881507916,0.6853321687483621,3.2689158878504667,48210000.0,-12.552,-4.608,0.14375531011045073
Uni-Asia Grp,https://www2.sgx.com/securities/equities/CHJ,0.765,0.03,21.53928813559322,25.5,1670000.0,10.291,3.402,0.007086781243369404,107.94745508982035,52670000.0,334220000.0,0.966,0.007831551303695367,1.113,0.004996708754712465,0.16685889471416263,2.066148305084746,87650000.0,9.298,-25.694,3.960711864406779
Jumbo,https://www2.sgx.com/securities/equities/42R,0.38,0.02,21.468592592592593,19.0,11350000.0,8.792,6.974,0.05338161979117675,7.118555066079296,47020000.0,87960000.0,16.875,0.061387852236464924,11.946,0.12903592542064574,1.4966011278768478,15.52464197530864,0.0,2.537,-1.373,-2.468592592592593
SingTel 10,https://www2.sgx.com/securities/equities/Z77,3.5,0.23,18.5611821086262,15.217391304347826,3102100000.0,14.876,17.764,0.05057044788942024,69.21038167692853,524900000.0,48253700000.0,18.847,0.08000196001062532,6.32,0.0642872981760984,3.706172360644694,10.79520766773163,29020000.0,-1.179,8.718,-3.343790804278372
BreadTalk,https://www2.sgx.com/securities/equities/CTN,0.745,0.03,34.53607142857143,24.833333333333336,15190000.0,5.402,3.234,0.029635554861869834,25.138722843976296,189770000.0,608860000.0,11.549,0.01992209529555261,3.398,0.024948263968728443,0.6143346442743766,6.9382559523809535,96030000.0,2.628,2.277,-9.702738095238097
Food Empire,https://www2.sgx.com/securities/equities/F03,0.5,0.05,11.015596330275228,10.0,24530000.0,7.558,6.236,0.08712793919158912,5.738687321646963,42220000.0,244720000.0,10.514,0.08234306814367237,7.208,0.1002370055573717,0.638835114889319,8.455963302752293,7830000.0,1.526,9.058,-1.015596330275228
TCIL HK$,https://www2.sgx.com/securities/equities/T15,2.45,0.3,8.015823529411765,8.166666666666668,600900000.0,6.177,4.009,0.17443632595121356,14.045239640539194,4987280000.0,18237480000.0,5.297,0.024236591727775765,3.326,0.03294863106087025,0.2944709727028067,5.029705882352943,11470000.0,11.456,-21.823,0.15084313725490262
Silverlake Axis,https://www2.sgx.com/securities/equities/5CP,0.535,0.02,22.203549019607845,26.75,63910000.0,39.916,30.832,0.05228881161791778,10.231634329525896,498380000.0,1007260000.0,15.634,0.038472883570013904,18.034,0.06344935766336397,7.305835351787775,20.254470588235296,560000.0,5.554,-7.99,4.546450980392155
Hanwell,https://www2.sgx.com/securities/equities/DM0,0.205,0.03,8.492415094339622,6.833333333333333,13430000.0,5.402,4.432,0.14198118194312295,1.4438533134772895,143900000.0,572130000.0,4.751,0.017135347555374093,3.996,0.023473686050373168,0.1807269490922036,3.6327547169811316,6430000.0,4.543,15.225,-1.6590817610062887
Singapore O&G,https://www2.sgx.com/securities/equities/1D8,0.38,0.02,19.5643,19.0,9150000.0,31.295,26.377,0.0,0.0,21550000.0,51730000.0,20.77,0.09648845302119582,18.141,0.17687995360525807,4.9014774999999995,18.441399999999998,0.0,24.036,16.48,-0.5642999999999994
Q&M Dental,https://www2.sgx.com/securities/equities/QC7,0.495,0.02,27.272752941176474,24.75,14350000.0,10.733,12.029,0.03553915498538808,13.928299651567945,24920000.0,214490000.0,12.817,0.0807495357605087,6.638,0.0669028859154273,3.8702080276816617,22.604611764705886,77650000.0,8.778,14.309,-2.522752941176474
Hong Leong Asia,https://www2.sgx.com/securities/equities/H22,0.54,0.07,0.0,7.714285714285714,24760000.0,5.159,4.222,-0.2977034988577612,-1.8138852988691438,1299350000.0,4817440000.0,3.634,0.0037209302325581397,3.227,0.005139659238101564,0.09477000000000003,1.4607,30840000.0,-6.02,-13.833,7.714285714285714
VICOM,https://www2.sgx.com/securities/equities/V01,6.85,0.39,17.448891336270194,17.564102564102562,34700000.0,39.685,35.137,0.06970951022540078,98.26492795389048,104100000.0,190210000.0,23.198,0.08709620742451243,19.017,0.18242994584932443,6.085868313635688,14.559016152716595,0.0,-0.986,4.018,0.11521122783236848
Tuan Sing,https://www2.sgx.com/securities/equities/T24,0.345,0.11,3.055353658536585,3.1363636363636362,134380000.0,41.296,40.049,0.07311685202515943,4.718474475368358,131580000.00000001,2917390000.0,12.902,0.0790791556572962,4.842,0.04606171955069428,1.0288121653777513,2.8828536585365856,54600000.0,1.774,20.473,0.08100997782705122
Hotung Inv,https://www2.sgx.com/securities/equities/BLS,1.6,0.12,12.876686390532546,13.333333333333334,11910000.0,69.38,66.268,0.08733592432353157,18.320067170445004,900690000.0,6352610000.0,4.414,0.001629943889421103,4.592,0.0018748199558921452,8.086663632225763,12.872899408284024,0.0,-8.0,-2.736,0.45664694280078777
Memtech Intl,https://www2.sgx.com/securities/equities/BOL,1.35,0.09,14.442216494845363,15.000000000000002,13020000.0,6.079,5.027,0.11494658779906418,11.744585253456222,22160000.0,187380000.0,7.6,0.05543256130790191,5.162,0.06948447006083894,1.0285338505686048,7.491804123711341,0.0,10.72,0.0,0.5577835051546387
JB Foods,https://www2.sgx.com/securities/equities/BEW,0.66,0.12,5.207612903225808,5.500000000000001,36330000.0,10.422,8.189,0.13008916102696316,5.0734434351775395,13420000.0,248290000.0,25.984,0.21254314631720586,12.015,0.14632083450803496,0.4816077003121749,4.709419354838711,70000.0,1.813,0.0,0.29238709677419283
Top Glove,https://www2.sgx.com/securities/equities/BVA,1.6,0.17,28.76993288590604,9.411764705882353,435610000.0,12.807,9.29,0.03237818878072457,49.41598218590023,358550000.0,5270560000.0,19.587,0.11560989721146624,10.263,0.08264966151604383,2.8216386649250036,20.29208053691275,55930000.0,12.06,16.468,-19.35816818002369
Perennial Hldgs,https://www2.sgx.com/securities/equities/40S,0.615,0.05,12.796694656488548,12.299999999999999,78060000.0,408.796,267.7,0.01933039473032539,31.8151806302844,76860000.0,7670330000.0,2.838,0.016075025020696132,2.915,0.010176876353429383,12.004638016432606,4.615786259541984,80730000.0,0.0,0.0,-0.4966946564885486
ISOTeam,https://www2.sgx.com/securities/equities/5WF,0.245,0.01,117.86770731707315,24.5,620000.0,0.373,-0.27,0.007375684035212943,33.21725806451613,4830000.0,109860000.0,3.231,0.006379257125218644,-0.235,0.005643546331694884,0.8127120761451516,18.34512195121951,24630000.0,1.184,-28.114,-93.36770731707315
UnUsUaL,https://www2.sgx.com/securities/equities/1D1,0.29,0.01,25.231,28.999999999999996,12140000.0,26.546,21.272,0.041800089522432256,6.937784184514003,18330000.0,51260000.0,38.616,0.16301866523432254,23.514,0.2368318376902068,5.41,22.073,0.0,0.0,0.0,3.768999999999995
SBS Transit,https://www2.sgx.com/securities/equities/S61,4.11,0.26,15.95571325301205,15.807692307692308,80100000.0,7.032,5.789,0.06008010680907877,68.40866666666668,32710000.0,1062829999.9999999,16.906,0.07605032043674341,7.449,0.07536482786522775,0.9151011351429817,7.380173493975904,15050000.0,10.104,48.008,-0.14802094531974141
MM2 Asia,https://www2.sgx.com/securities/equities/1B0,0.23,0.02,11.903963636363637,11.5,22050000.0,20.159,11.186,0.07663700820241902,3.0011609977324265,92180000.0,586190000.0,19.773,0.04421141276015559,5.394,0.0376157901021853,0.808626776859504,4.594145454545455,33380000.000000004,64.487,82.369,-0.4039636363636365
Procurri,https://www2.sgx.com/securities/equities/BVQ,0.32,0.02,16.836129032258064,16.0,5340000.0,4.883,2.423,0.064461612747465,4.964194756554307,18080000.0,140570000.0,8.033,0.03283123270826929,3.798,0.037988190936899764,0.4198293444328824,6.259612903225807,5930000.0,42.119,15.115,-0.8361290322580643
CNMC Goldmine,https://www2.sgx.com/securities/equities/5TP,0.27,0.01,48.33627906976744,27.0,2280000.0,10.45,7.614,0.03526136715125271,7.657105263157895,17910000.0,59840000.0,4.097,0.022580964642963258,5.223,0.038101604278074866,2.58481557598702,10.111813953488372,1740000.0,19.062,-8.811,-21.336279069767443
KingsmenCreative,https://www2.sgx.com/securities/equities/5MZ,0.525,0.04,12.84597222222222,13.125,8150000.0,3.075,2.039,0.12600494743351884,4.166503067484664,79760000.0,293950000.0,6.735,0.01950740802795663,2.724,0.027725803708113624,0.2845100308641975,9.803888888888888,18570000.0,3.313,-14.992,0.2790277777777792
Centurion,https://www2.sgx.com/securities/equities/OU8,0.4,0.09,4.239111111111112,4.444444444444445,79330000.0,80.441,70.085,0.07601717165909658,5.26196899029371,72220000.0,1321740000.0,16.352,0.10900122288022644,6.703,0.06001936840831026,2.489679012345679,3.855111111111111,137080000.0,13.641,-5.17,0.20533333333333292
Lion Asiapac,https://www2.sgx.com/securities/equities/BAZ,0.42,0.01,0.0,42.0,-200000.0,6.629,-0.688,0.00576036866359447,72.91199999999999,72060000.0,85890000.0,1.282,-0.0009056330374932077,-0.242,-0.0023285597857724996,1.0495633270321358,49.58373913043478,0.0,-16.608,-9.921,42.0
UOB Kay Hian,https://www2.sgx.com/securities/equities/U10,1.2,0.09,12.8112,13.333333333333334,74830000.0,23.039,20.214,0.0514196580726733,23.33737805692904,727220000.0,3303880000.0,5.276,0.021044135595889604,2.277,0.022649127692289068,2.4772608,11.40672,0.0,-4.048,-6.193,0.5221333333333344
NeraTel,https://www2.sgx.com/securities/equities/N01,0.275,0.02,12.631953124999999,13.75,7750000.0,6.819,4.628,0.07913007964059629,3.475290322580645,21560000.0,158500000.0,11.423,0.03951662247603508,4.774,0.04889589905362776,0.5021972656250001,11.580078125,0.0,-1.229,-19.865,1.118046875000001
Sinarmas Land,https://www2.sgx.com/securities/equities/A26,0.25,0.03,9.110377358490565,8.333333333333334,119030000.0,38.53,26.515,0.05617113248327089,4.450684701335797,961480000.0,6560530000.0,5.687,0.017763152985770674,3.494,0.01814335122314813,1.2646849412602348,4.110377358490566,87190000.0,-5.942,-16.177,-0.777044025157231
Yeo Hiap Seng,https://www2.sgx.com/securities/equities/Y03,0.9,0.02,43.63753846153846,45.0,12020000.0,3.85,3.448,0.04208978219763289,21.3828618968386,282730000.0,708440000.0,1.9,0.009435591490697857,1.687,0.016966856755688556,1.3888757396449705,20.57446153846154,0.0,-7.683,-32.906,1.3624615384615382
Overseas Edu,https://www2.sgx.com/securities/equities/RQ1,0.29,0.02,17.43836923076923,14.499999999999998,6910000.0,11.256,8.314,0.03273175121974326,8.859898697539796,41630000.0,305280000.0,4.728,0.0,0.0,0.022634958071278827,1.2938461538461536,7.089384615384615,0.0,-5.052,-21.793,-2.938369230769231
Stamford Land,https://www2.sgx.com/securities/equities/H07,0.48,0.07,5.98656,6.857142857142856,68290000.0,20.861,15.309,0.15033240875269668,3.1929242934543858,182940000.0,785990000.0,11.126,0.06699367243831854,9.079,0.08688405704907187,0.8838143999999999,5.207999999999999,40370000.0,11.184,12.21,0.870582857142856
Man Oriental USD,https://www2.sgx.com/securities/equities/M04,1.78,0.05,51.848062500000005,35.6,43600000.0,11.341,7.072,0.016014104165136267,111.15201834862386,246800000.0,2021300000.0,3.47,0.021982454371281636,2.148,0.021570276554692524,3.4138684895833333,17.3995,590000.0,-5.01,-17.533,-16.248062500000003
Delong,https://www2.sgx.com/securities/equities/BQO,5.9,3.13,1.89143897996357,1.8849840255591057,344220000.0,15.089,11.905,1.1384442386559068,5.182511184707455,5180290000.0,13152240000.0,31.953,0.018470820803739883,14.74,0.026171967664823634,0.24253735057282488,1.6808014571948997,11930000.0,4.332,0.0,-0.006454954404464308
ISEC,https://www2.sgx.com/securities/equities/40T,0.34,0.02,20.276363636363637,17.0,8410000.0,27.675,21.454,0.060779070607790704,5.594030915576695,27110000.0,73570000.0,12.648,0.06581109632991627,11.954,0.11431289927959766,4.342696051423324,16.60333333333333,0.0,11.69,18.667,-3.2763636363636373
Chuan Hup,https://www2.sgx.com/securities/equities/C33,0.27,0.02,20.77321621621622,13.5,12100000.0,6.146,4.534,0.07140749483623487,3.7811157024793394,136620000.0,405660000.0,4.569,0.017115779050852254,3.119,0.02982793472366021,0.4861775018261506,11.348027027027028,0.0,7.316,-6.282,-7.27321621621622
Zhongmin Baihui,https://www2.sgx.com/securities/equities/5SR,0.73,0.05,16.657626666666665,14.6,8180000.0,6.74,4.184,0.08067856790610514,9.048251833740832,207020000.0,594500000.0,22.063,0.009699183039472592,6.925,0.01375946173254836,0.694427911111111,12.887906666666666,0.0,2.394,32.91,-2.057626666666666
SingHoldings,https://www2.sgx.com/securities/equities/5IC,0.39,0.03,14.198925000000001,13.000000000000002,11150000.0,21.891,18.112,0.03632040131600378,10.737766816143498,86580000.0,547820000.0,4.363,0.022464439698593706,2.389,0.02035340075207185,2.0257818749999994,11.32365,90110000.0,-19.596,-17.308,-1.1989249999999991
CEI,https://www2.sgx.com/securities/equities/AVV,0.965,0.09,11.058296874999998,10.722222222222221,7450000.0,6.561,5.305,0.08537703415081366,11.302805369127517,3360000.0,71290000.0,18.971,0.0,0.0,0.10450273530649459,0.5981827256944444,8.997619791666667,0.0,5.062,15.407,-0.3360746527777767
Second Chance,https://www2.sgx.com/securities/equities/528,0.25,0.01,32.72291666666667,25.0,5770000.0,32.601,17.927,0.03236118900729108,7.725303292894281,42000000.0,305380000.0,3.032,0.016532477579438983,1.885,0.01889449210819307,6.112196180555556,31.954166666666666,0.0,-13.104,-34.896,-7.72291666666667
Amara,https://www2.sgx.com/securities/equities/A34,0.47,0.06,8.318999999999999,7.833333333333333,31970000.0,21.626,30.689,0.05271749884572258,8.915445730372223,14980000.0,793490000.0,8.216,0.06546266150664455,4.138,0.040290362827508856,2.4290164,6.41456,81480000.0,5.313,3.658,-0.485666666666666
Kimly,https://www2.sgx.com/securities/equities/1D0,0.245,0.02,13.510446808510638,12.25,21410000.0,11.889,10.458,0.10379599553982644,2.3603993460999533,71670000.0,115770000.0,27.833,0.07688716512245924,17.912,0.1849356482681178,1.4749465821638752,11.826723404255318,60000.0,0.0,0.0,-1.260446808510638
Tiong Seng,https://www2.sgx.com/securities/equities/BFI,0.225,0.02,11.409375,11.25,8810000.0,3.929,2.221,0.04887927208166889,4.6031782065834275,39980000.0,665230000.0,3.252,0.013868119067483118,1.117,0.01324353982833005,0.25576171875000003,3.7846875000000004,5060000.0,-12.636,-3.642,-0.1593750000000007
Mewah Intl,https://www2.sgx.com/securities/equities/MV4,0.275,0.01,20.621071428571426,27.5,20050000.0,0.929,0.499,0.020728870509175497,13.266521197007483,48280000.0,1255070000.0,2.855,0.026456422774955465,1.186,0.015975204570263014,0.10128348214285714,8.940446428571429,8910000.0,-1.513,-6.643,6.878928571428574
Metro,https://www2.sgx.com/securities/equities/M01,1.01,0.17,19.94504854368932,5.941176470588235,42340000.0,20.271,25.817,0.05214671034805528,19.36843174303259,189630000.0,1701920000.0,11.09,0.022609187852767942,2.42,0.024877785089780953,5.001941936091997,18.700689320388353,0.0,-6.138,19.278,-14.003872073101086
Great Eastern,https://www2.sgx.com/securities/equities/G07,25.55,1.49,16.292795275590553,17.14765100671141,740700000.0,7.73,6.255,0.10141129694739263,251.94431753746457,0.0,85042000000.0,9.899,0.0,0.896,0.008709813974271537,0.9654983087743954,14.974580052493438,5380000.0,2.991,1.881,0.8548557311208569
PropNex,https://www2.sgx.com/securities/equities/OYY,0.525,0.06,10.089467213114755,8.75,19410000.0,5.943,5.083,0.12779826178562023,4.108037094281299,75670000.0,142110000.0,45.689,0.06614414721417618,18.712,0.1365843360776863,0.3903638134909971,8.62204918032787,0.0,0.0,0.0,-1.3394672131147551
Golden Energy,https://www2.sgx.com/securities/equities/AUE,0.215,0.02,9.51351111111111,10.75,53320000.0,10.987,7.027,0.07209497282241271,2.982177419354839,115110000.0,960830000.0,11.933,0.06148382186757685,8.598,0.05549368774913356,0.3405812345679012,4.283755555555555,71140000.0,47.086,0.0,1.2364888888888892
Hotel Grand,https://www2.sgx.com/securities/equities/H18,1.3,0.04,0.0,32.5,0.0,0.0,0.0,0.0,0.0,225400000.0,1621880000.0,2.021,0.0,0.0,0.0,0.0,0.0,1780000.0,-1.809,9.382,32.5
UOA,https://www2.sgx.com/securities/equities/EH5,0.69,0.07,10.33059375,9.857142857142856,100840000.0,36.64,28.77,0.7593373493975902,0.9086870289567632,341180000.0,2583500000.0,7.431,0.03233522949547551,6.506,0.039032320495451904,0.7206591796875,2.224171875,340000.0,1.268,-4.166,-0.47345089285714437
Bonvests,https://www2.sgx.com/securities/equities/B28,1.28,0.03,42.918,42.66666666666667,12170000.0,11.101,5.712,0.015692089484881697,81.5697617091208,63970000.0,1284840000.0,1.383,0.011111719805704686,1.037,0.00947199651318452,2.323,13.188,7560000.0,4.11,-26.353,-0.25133333333332786
Civmec,https://www2.sgx.com/securities/equities/P9D,0.33,0.05,8.321424657534248,6.6,20380000.0,3.484,2.758,0.07562432743329994,4.363675171736997,24390000.0,479600000.0,14.287,0.050583271283196826,4.524,0.04249374478732277,0.21252767873897546,5.629890410958905,34370000.0,17.337,-2.321,-1.7214246575342482
Stamford Tyres,https://www2.sgx.com/securities/equities/S29,0.265,0.02,35.053140000000006,13.25,1780000.0,3.122,0.705,0.013925833202941636,19.02938202247191,21880000.0,266620000.0,4.143,0.008439618794746574,0.686,0.006676168329457655,0.26292240000000006,6.66952,26170000.0,-4.913,-14.827,-21.803140000000006
BRC Asia,https://www2.sgx.com/securities/equities/BEC,1.32,0.05,20.833661538461538,26.4,15620000.0,2.84,2.183,0.024969228064005627,52.86507042253521,41080000.0,698740000.0,5.95,0.04424678488470908,2.73,0.022354523857228727,0.44745656804733724,11.048399999999999,44450000.0,1.772,-22.679,5.566338461538461
Pacific Century,https://www2.sgx.com/securities/equities/P15,0.35,0.02,18.825138888888887,17.5,49960000.0,275.455,319.821,0.05165693015561185,6.77547037630104,13110000.0,1424340000.0,3.58,0.0,3.528,0.03507589480039878,58.52588734567901,18.687083333333334,0.0,18.713,-3.547,-1.3251388888888869
Dutech,https://www2.sgx.com/securities/equities/CZ4,0.25,0.04,8.295555555555556,6.25,10740000.0,3.32,2.926,0.23562966213251427,1.0609869646182495,351760000.0,1544710000.0,5.902,0.0055616834190371145,3.414,0.0069527613597374265,0.2691358024691358,4.187777777777778,2930000.0,12.06,-11.945,-2.0455555555555556
Teckwah,https://www2.sgx.com/securities/equities/561,0.415,0.03,13.47130487804878,13.833333333333334,7110000.0,6.88,5.089,0.11314449395289625,3.6678762306610406,36050000.0,193540000.0,4.654,0.027205938624014693,4.364,0.03673659191898316,0.5850117489589529,5.218878048780487,2160000.0,-1.023,-10.225,0.36202845528455363
SEVAK,https://www2.sgx.com/securities/equities/BAI,2.97,0.05,10.18509677419355,59.4,3830000.0,1.548,1.361,0.11644876862268166,25.50477806788512,18460000.0,67860000.0,8.74,0.038395989974937345,5.31,0.056439728853521956,0.1251664932362123,7.944967741935484,5250000.0,0.0,0.0,49.21490322580645
Sing Inv & Fin,https://www2.sgx.com/securities/equities/S35,1.47,0.15,9.64375471698113,9.8,24030000.0,55.432,46.365,-0.4231378763866878,-3.4740449438202243,0.0,2814040000.0,6.858,0.0,0.901,0.008539324245568648,4.133583481666072,9.236962264150943,1620000.0,8.583,15.955,0.15624528301887075
Shinvest,https://www2.sgx.com/securities/equities/BJW,1.04,0.02,10.08581052631579,52.0,3050000.0,6.085,5.68,0.08411472697186984,12.36406557377049,8660000.0,93980000.0,7.893,0.032278547994496774,4.674,0.032453713556075764,0.5249205540166206,5.138694736842106,5380000.0,12.743,214.8,41.91418947368421
IHH,https://www2.sgx.com/securities/equities/Q0F,1.88,0.07,89.66041988950276,26.857142857142854,541840000.0,13.392,4.252,0.010586540533707476,177.58397977262658,8110580000.0,45114510000.0,2.248,0.01066605564797607,1.166,0.012010326611105829,4.565666737889564,35.43851933701657,38630000.0,10.884,-3.338,-62.80327703235991
HPL,https://www2.sgx.com/securities/equities/H15,3.7,0.22,17.908948717948718,16.81818181818182,121320000.0,14.714,21.517,0.04643152383576743,79.6872403560831,142390000.0,3154930000.0,5.723,0.04448355516444836,3.821,0.038454101992754196,3.1727317554240635,10.334384615384616,28680000.0,-3.948,-7.902,-1.0907668997668978
PanUnited,https://www2.sgx.com/securities/equities/P52,0.31,0.01,31.439636363636364,31.0,6070000.0,1.329,0.758,0.022347397098888153,13.87186161449753,47890000.0,421850000.0,2.333,0.015517549914359486,1.088,0.014389000829678795,0.2846466115702479,8.656327272727273,33509999.999999996,0.554,-34.797,-0.4396363636363638
Excelpoint,https://www2.sgx.com/securities/equities/BDF,0.52,0.1,5.627741935483871,5.2,10990000.0,0.668,0.645,0.044280591482332085,11.74329390354868,20570000.0,384080000.0,10.683,0.047666551006245665,2.094,0.028613830451989168,0.030951092611862643,4.88883870967742,0.0,10.406,2.076,-0.42774193548387096
UOI,https://www2.sgx.com/securities/equities/U13,7.1,0.39,18.01723611111111,18.205128205128204,23830000.0,63.054,58.269,0.06372339287624344,111.41905161561058,0.0,610720000.0,6.305,0.0,3.79,0.03901951794603092,10.353303819444443,17.94722222222222,0.0,-7.681,-2.813,0.18789209401709428
Avi-Tech,https://www2.sgx.com/securities/equities/BKY,0.26,0.03,13.71522807017544,8.666666666666668,3300000.0,13.243,10.762,0.18092105263157895,1.437090909090909,32680000.0,54570000.0,9.983,0.027488546438983758,6.049,0.060472787245739415,1.3782160664819945,10.167368421052632,160000.0,8.727,47.013,-5.0485614035087725
Baker Technology,https://www2.sgx.com/securities/equities/BTP,0.43,0.09,5.234137931034483,4.777777777777778,17620000.0,42.839,42.43,0.23147661586967946,1.8576390465380248,29720000.0,304580000.0,8.326,0.05012802275960171,5.576,0.057850154310854295,2.7027792310741185,3.5566436781609196,1840000.0,-18.419,-6.226,-0.4563601532567052
Lum Chang,https://www2.sgx.com/securities/equities/L19,0.34,0.06,6.860444444444445,5.666666666666667,18980000.0,10.911,9.094,0.07764368991613826,4.378977871443626,93640000.0,614100000.0,10.684,0.03251169084773634,3.463,0.030907018400911902,0.5307253086419754,5.385222222222223,60690000.0,-12.47,2.431,-1.193777777777778
Straco,https://www2.sgx.com/securities/equities/S85,0.75,0.05,15.0740625,15.0,41840000.0,54.036,37.442,0.08156422402869563,9.19520793499044,202700000.0,372980000.0,15.203,0.05650388936905791,11.924,0.11217759665397609,5.0537109375,12.144375,9140000.0,9.854,3.936,-0.07406250000000014
SingShipping,https://www2.sgx.com/securities/equities/S19,0.29,0.03,9.262,9.666666666666666,13680000.0,25.757,21.295,0.0683624006796262,4.242097953216374,16050000.0,177800000.0,12.365,0.10179328819108564,5.735,0.07694038245219348,1.977,5.207,69810000.0,18.3,8.875,0.4046666666666656
United Global,https://www2.sgx.com/securities/equities/43P,0.49,0.03,15.077,16.333333333333332,10310000.0,8.887,7.08,0.06650325743404502,7.368060135790495,7540000.0,59700000.0,21.955,0.15258250702974693,13.199,0.17269681742043552,1.056,13.386,300000.0,-1.025,15.72,1.2563333333333322
Hupsteel,https://www2.sgx.com/securities/equities/BMH,0.79,0.05,25.821277419354836,15.8,3780000.0,5.02,5.31,0.0712401055408971,11.08925925925926,46000000.0,171480000.0,2.83,0.014796257877637296,2.232,0.022043386983904827,1.4370535691987512,17.708232258064516,0.0,-16.139,13.291,-10.021277419354835
800 Super,https://www2.sgx.com/securities/equities/5TG,0.895,0.05,27.195214285714286,17.9,5890000.0,4.985,3.564,0.028233151183970857,31.70032258064516,5610000.0,210940000.0,11.002,0.053848966904370084,2.741,0.027922632028064852,1.2473103571428574,9.10215,82850000.0,9.15,9.808,-9.295214285714287
Hock Lian Seng,https://www2.sgx.com/securities/equities/J2T,0.325,0.03,11.852533333333334,10.833333333333334,14050000.0,9.027,7.102,0.16690425279163698,1.9472241992882562,119350000.0,342800000.0,7.03,0.02464869037385309,4.137,0.04098599766627771,0.7293288888888889,8.580866666666667,0.0,17.842,-10.157,-1.0191999999999997
HMI,https://www2.sgx.com/securities/equities/588,0.655,0.02,29.774601851851855,32.75,18820000.0,16.771,11.572,0.03713496448303078,17.63836344314559,58890000.0,589240000.0,28.804,0.03140749641200227,10.474,0.03193944742380015,4.363813957475995,21.73265740740741,42500000.0,5.775,40.93,2.9753981481481446
IFS Capital,https://www2.sgx.com/securities/equities/I49,0.215,0.01,4.59997619047619,21.5,17990000.0,36.437,32.04,0.061265495164146574,3.509316286826014,66530000.0,506460000.0,11.19,0.04994724859792326,4.33,0.03552106780397267,1.3668344671201813,3.894571428571428,8189999.999999999,-14.616,0.0,16.90002380952381
Multi-Chem,https://www2.sgx.com/securities/equities/AWZ,0.695,0.06,12.087364864864863,11.583333333333332,5570000.0,2.921,1.547,0.10222059093411635,6.799021543985637,37560000.0,232740000.0,5.55,0.019377957138881158,2.885,0.023932284953166624,0.14642467129291453,7.609310810810811,870000.0,10.423,125.05,-0.5040315315315311
Old Chang Kee,https://www2.sgx.com/securities/equities/5ML,0.775,0.03,18.11636075949367,25.833333333333336,5190000.0,7.154,5.764,0.054990464081373175,14.093352601156068,12790000.0,52300000.0,14.469,0.07547993019197208,10.363,0.09923518164435946,1.023978529081878,8.696677215189874,34100000.0,4.535,-4.939,7.716972573839666
China Jinjiang,https://www2.sgx.com/securities/equities/BWM,0.6,0.06,7.36448275862069,10.0,109390000.0,24.69,18.173,0.054103111955210004,11.089935094615594,857490000.0,14594170000.0,10.612,0.007671516855035752,4.029,0.007495458803069993,1.4489892984542214,4.504137931034483,93410000.0,11.929,11.483,2.6355172413793104
LHT,https://www2.sgx.com/securities/equities/BEI,0.545,0.06,0.0,9.083333333333334,0.0,0.0,0.0,0.0,0.0,29420000.0,60890000.0,6.631,0.0,0.0,0.0,0.0,0.0,580000.0,1.227,12.912,9.083333333333334
Low Keng Huat,https://www2.sgx.com/securities/equities/F1E,0.505,0.02,24.382318181818178,25.25,15450000.0,11.344,10.937,0.01994474852834865,25.319948220064727,126750000.0,1211990000.0,2.342,0.015859980495816866,1.583,0.012747629930940025,2.0165943801652886,18.147863636363635,58800000.0,16.54,-19.985,0.867681818181822
Samurai,https://www2.sgx.com/securities/equities/1C3,0.885,0.04,21.464761904761907,22.125,4480000.0,19.701,14.667,0.04784280222127296,18.498080357142857,39290000.0,93840000.0,25.844,0.03180462870935681,18.124,0.04774083546462063,2.9477553539934496,19.494349206349206,6350000.0,0.0,0.0,0.6602380952380926
Boustead,https://www2.sgx.com/securities/equities/F9D,0.78,0.05,10.970354430379748,15.6,35340000.0,16.277,10.711,0.188994063853682,4.127113752122241,286750000.0,724580000.0,7.993,0.030934873949579833,6.578,0.04877308233735406,0.8061958019548149,6.425620253164557,20880000.0,-4.774,-21.253,4.629645569620251
Tat Seng Pkg,https://www2.sgx.com/securities/equities/T12,0.51,0.13,4.146341463414634,3.923076923076923,19340000.0,8.282,6.339,0.1555287494973864,3.279136504653568,59490000.0,303040000.0,15.738,0.057757204718530686,7.403,0.06381995776135163,0.19942891136228436,2.8560000000000003,14370000.0,9.105,10.314,-0.22326454033771137
Wee Hur,https://www2.sgx.com/securities/equities/E3B,0.21,0.03,7.720851063829788,7.0,25010000.0,16.714,11.302,0.11166175551388517,1.8806797281087564,176350000.0,767640000.0,6.961,0.02682727994336344,4.096,0.03258037621801886,0.5981149841557267,5.637829787234043,3320000.0,-2.37,3.875,-0.7208510638297883
Lung Kee Bermuda,https://www2.sgx.com/securities/equities/L09,0.6,0.27,12.752459016393443,2.222222222222222,170520000.0,9.176,6.608,0.10895220083190105,5.507002111189303,645780000.0,2630090000.0,7.564,0.043481697754771585,6.221,0.06483428323745576,0.8291319537758667,6.207540983606557,0.0,3.047,3.271,-10.530236794171222
MindChamps,https://www2.sgx.com/securities/equities/CNE,0.62,0.03,23.285558823529414,20.666666666666668,6380000.0,20.555,17.551,0.04294272060308272,14.437836990595612,35440000.0,93730000.0,10.872,0.04440423162583519,7.866,0.06806785447562147,3.66776124567474,19.31026470588235,24840000.0,0.0,0.0,-2.6188921568627457
Nam Lee Metal,https://www2.sgx.com/securities/equities/G0I,0.375,0.05,9.330208333333335,7.5,9770000.0,8.407,7.06,0.22265268915223335,1.6842374616171956,45290000.0,172570000.0,8.768,0.03775845410628019,5.784,0.056614707075389695,0.6846788194444445,6.822916666666667,470000.0,-1.87,5.998,-1.830208333333335
Nordic,https://www2.sgx.com/securities/equities/MR7,0.305,0.03,10.582546875,10.166666666666666,11330000.0,13.259,12.353,0.08744308096009878,3.487983230361871,39230000.0,151860000.0,14.371,0.059782608695652176,7.472,0.07460819175556434,1.2681923828125,8.653421875000001,7180000.0,7.105,13.561,-0.41588020833333417
Hong Lai Huat,https://www2.sgx.com/securities/equities/CTO,0.21,0.04,5.984588235294118,5.25,7940000.0,17.887,22.843,0.23121723937099592,0.9082367758186398,26330000.0,160140000.0,5.998,0.037840156317018536,4.92,0.04958161608592482,1.1258131487889271,4.121764705882352,1590000.0,36.35,0.0,-0.734588235294118
Spura Finance,https://www2.sgx.com/securities/equities/S23,0.895,0.05,18.799811827956987,17.9,7720000.0,42.191,36.228,0.07441681125891653,12.026852331606218,0.0,996930000.0,3.018,0.0,0.745,0.00774377338428977,6.5543460804717295,17.07044086021505,0.0,0.0,0.0,-0.899811827956988
Boustead Proj,https://www2.sgx.com/securities/equities/AVM,0.94,0.09,9.596042780748661,10.444444444444445,30670000.0,19.416,12.356,0.11872870857850727,7.917208999021845,111390000.0,435650000.0,12.314,0.05889695433421669,6.362,0.0704005509009526,1.2179221596270977,8.065903743315506,26800000.0,-4.698,-13.988,0.8484016636957836
ValueMax,https://www2.sgx.com/securities/equities/T6I,0.285,0.04,7.3655593220338975,7.124999999999999,20290000.0,11.307,9.977,0.04816502872335375,5.917156234598323,10200000.0,493360000.0,10.904,0.08560459032992998,4.549,0.04112615534295443,0.6916141913243321,6.562728813559322,31980000.0,-14.884,10.386,-0.2405593220338984
Union Gas,https://www2.sgx.com/securities/equities/1F2,0.245,0.03,8.282884615384614,8.166666666666666,6420000.0,13.564,11.398,0.0,0.0,15710000.0,37880000.0,28.028,0.09264069264069263,19.665,0.16948257655755017,0.9376686390532544,6.155153846153846,0.0,0.0,0.0,-0.11621794871794755
Challenger,https://www2.sgx.com/securities/equities/573,0.53,0.06,9.404245614035089,8.833333333333334,19450000.0,7.296,6.122,0.0,0.0,63240000.0,130960000.00000001,22.108,0.07555158483530143,15.42,0.14851863164324983,0.5317128347183749,8.178736842105264,0.0,-3.641,2.597,-0.570912280701755
Shangri-La HKD,https://www2.sgx.com/securities/equities/S07,9.69,0.59,22.81491397849462,16.423728813559322,1513490000.0,7.169,7.297,0.021108214378310515,459.0629897125187,1078230000.0,13170650000.0,2.993,-0.08609892766732087,1.369,0.11491384252106009,1.5213891923921836,8.461384408602148,74790000.0,1.12,-15.541,-6.3911851649352975
Heeton,https://www2.sgx.com/securities/equities/5DP,0.44,0.05,8.030916666666666,8.799999999999999,17630000.0,15.75,29.422,0.04297274898844635,10.239047078842882,68350000.0,855630000.0,4.253,0.02612703399626545,1.935,0.020604700629945186,2.3561388888888892,7.6285,52470000.0,24.741,-4.522,0.7690833333333327
Grand Venture,https://www2.sgx.com/securities/equities/JLB,0.22,0.03,0.0,7.333333333333334,0.0,0.0,0.0,0.0,0.0,2470000.0,51350000.0,40.887,0.0,0.0,0.0,0.0,0.0,87890000.0,0.0,0.0,7.333333333333334
Pharmesis Intl,https://www2.sgx.com/securities/equities/BFK,0.205,0.01,18.083277777777777,20.5,260000.0,10.692,7.864,0.040880503144654086,5.014615384615385,34720000.0,128300000.00000001,1.438,0.001556793006406802,3.999,0.0020265003897116133,0.164987037037037,3.461766666666666,0.0,-2.861,18.732,2.416722222222223
Japan Foods,https://www2.sgx.com/securities/equities/5OI,0.48,0.03,22.27410989010989,16.0,3740000.0,6.266,5.59,0.0650661099512874,7.3771122994652405,21890000.0,43260000.0,17.585,0.04296875,8.695,0.08645399907535829,1.3187972467093347,10.520967032967034,0.0,1.998,-2.108,-6.274109890109891
SUTL Enterprise,https://www2.sgx.com/securities/equities/BHU,0.575,0.07,8.567991452991453,8.214285714285714,5800000.0,35.926,28.224,1.1218568665377175,0.5125431034482758,45410000.0,126150000.0,10.491,0.026731806240494076,4.4,0.04597701149425287,2.457769011615165,4.418162393162393,0.0,-32.095,0.0,-0.35370573870573985
Grand Banks,https://www2.sgx.com/securities/equities/G50,0.27,0.05,4.797,5.4,9400000.0,8.319,11.64,0.22418316241354638,1.204372340425532,8440000.0,82250000.0,18.693,0.10414358519831597,11.39,0.11428571428571428,0.593,3.754,3640000.0,9.788,0.0,0.6030000000000006
LCT,https://www2.sgx.com/securities/equities/BJL,0.33,0.05,5.47078125,6.6,2160000.0,112.238,83.055,0.6687306501547987,0.49347222222222226,47740000.0,169010000.0,6.606,0.00961838179632186,6.534,0.012780308857464055,5.2737802734375,6.0802499999999995,0.0,-68.479,-31.306,1.1292187499999997
TTJ,https://www2.sgx.com/securities/equities/K1Q,0.245,0.03,13.380499999999998,8.166666666666666,6400000.0,9.208,7.011,0.1411868519744099,1.7352890625,56750000.0,166680000.0,6.608,0.023275266392697384,3.664,0.03839692824574034,0.8697499999999997,10.067749999999998,60000.0,-6.166,-9.686,-5.213833333333332
Bund Center,https://www2.sgx.com/securities/equities/BTE,0.555,0.03,15.879475000000005,18.500000000000004,26520000.0,29.787,23.081,0.08453397934463854,6.565407239819005,142740000.0,498960000.0,6.194,0.03381488517984878,5.573,0.05315055315055315,3.2838887500000014,11.425600000000003,20000.0,-0.112,-2.546,2.620524999999999
Datapulse Tech,https://www2.sgx.com/securities/equities/BKW,0.245,0.06,1.52292,4.083333333333333,41040000.0,-239.811,0.0,-1.6422569027611045,-0.14918494152046782,81180000.0,85070000.0,62.121,0.16629523076299688,57.629,0.48242623721641004,51.1105672,1.33084,0.0,-57.196,29.242,2.560413333333333
Koh Bros,https://www2.sgx.com/securities/equities/K75,0.23,0.01,14.669,23.0,6610000.0,2.538,2.292,0.01919502845858985,11.982269288956127,80630000.0,799210000.0,2.336,0.010353847840729312,1.225,0.008270667283942894,0.255,5.192,88040000.0,4.477,-19.25,8.331
Colex,https://www2.sgx.com/securities/equities/567,0.25,0.02,10.25,12.5,3230000.0,5.603,4.662,0.22337482710926695,1.1191950464396285,19460000.0,49980000.0,8.106,0.03638206803334084,6.619,0.06462585034013606,0.4690503652441368,5.045098039215686,180000.0,5.674,3.454,2.25
EnGro,https://www2.sgx.com/securities/equities/S44,0.835,0.04,16.666396341463415,20.875,5950000.0,-1.529,4.18,0.10198834418923551,8.187210084033614,43720000.0,257230000.00000003,2.665,0.017502573907927636,2.405,0.023131050033044356,0.6988840719809638,9.426335365853658,780000.0,-2.811,-25.506,4.208603658536585
MSC,https://www2.sgx.com/securities/equities/NPW,0.295,0.08,10.602590163934426,3.6874999999999996,34300000.0,5.28,2.677,0.054273869426247665,5.435396501457726,37030000.0,875050000.0,10.739,0.05227861606462429,3.921,0.039197760127992684,0.2750373555495834,7.031639344262294,14130000.0,-4.134,-6.432,-6.915090163934426
Thakral,https://www2.sgx.com/securities/equities/AWI,0.49,0.07,6.897022222222221,6.999999999999999,9300000.0,15.597,12.881,0.1013844979832116,4.833086021505376,11510000.0,274240000.0,7.042,0.03677197422007829,7.646,0.03391190198366394,0.4446296296296296,3.122933333333333,14700000.0,-17.581,0.0,0.10297777777777828
TalkMed,https://www2.sgx.com/securities/equities/5G3,0.495,0.02,22.509771428571426,24.75,28910000.0,55.49,44.411,0.04693105631402088,10.547386717398824,73990000.0,91270000.0,39.574,0.12083594566353187,30.815,0.31675249260436067,10.009910204081631,23.579914285714285,0.0,1.712,0.489,2.240228571428574
IPC Corp,https://www2.sgx.com/securities/equities/AZA,0.325,0.31,1.1081967213114756,1.0483870967741935,24970000.0,284.045,276.838,1.032671629445823,0.31471766119343214,9970000.0,117810000.0,26.397,0.1926548877401435,23.634,0.2119514472455649,3.274630475678581,1.045327868852459,4099999.9999999995,-28.102,6.488,-0.05980962453728211
AVJennings A$,https://www2.sgx.com/securities/equities/A05,0.54,0.08,6.580588235294117,6.75,31350000.0,12.044,8.374,0.09472443799854967,5.700746411483254,13390000.0,640400000.0,8.038,0.0599346167816927,4.633,0.048953778888194875,0.6143667820069204,6.870705882352941,31530000.0,11.359,0.0,0.16941176470588282
Sunright,https://www2.sgx.com/securities/equities/S71,0.37,0.05,26.77282051282051,7.3999999999999995,1700000.0,4.336,3.635,-0.22636484687083888,-1.6345294117647058,91140000.0,208570000.0,8.307,0.004701977596459688,2.621,0.008150740758498346,0.29792176199868503,1.3984102564102563,18980000.0,26.269,0.0,-19.37282051282051
HL Global Ent,https://www2.sgx.com/securities/equities/AVX,0.36,0.02,20.316155844155844,18.0,1670000.0,14.743,15.497,-0.062852841550621,-5.727664670658682,62730000.0,88260000.0,2.138,0.007813962193524237,1.841,0.018921368683435306,2.9421757463315905,12.845922077922078,0.0,10.563,0.0,-2.316155844155844
Pan Ocean,https://www2.sgx.com/securities/equities/AZY,5.4,284.65,16.866273764258555,0.01897066572984367,152410000000.0,7.563,5.571,0.04476284152556087,120.63577324322553,226650000000.0,4119496000000.0,6.057,0.04423104269872917,3.71,0.03699724432309195,0.9896499877112581,8.110266159695819,28220000.0,-53.224,0.0,-16.847303098528712
Tai Sin Electric,https://www2.sgx.com/securities/equities/500,0.32,4.27,11.463,0.07494145199063233,1836000000.0,11.97,12.747,0.03655692686065997,8.753471023965142,4640000000.0,85043000000.0,5.916,0.0228267356276109,5.232,0.021589078466187694,1.202,7.614,22110000.0,2.273,2.974,-11.388058548009367
Fuji Offset,https://www2.sgx.com/securities/equities/508,0.25,0.07,0.0,3.571428571428571,0.0,0.0,0.0,0.0,0.0,4770000.0,33110000.0,11.88,0.0,0.0,0.0,0.0,0.0,290000.0,-6.993,97.341,3.571428571428571
ABR,https://www2.sgx.com/securities/equities/533,0.73,0.01,54.88709756097561,73.0,2670000.0,3.446,2.58,0.022975647534635574,31.772771535580524,49310000.0,126020000.0,2.736,0.011922836474055551,2.534,0.021187113156641804,1.0445600832837598,17.86986585365854,330000.0,4.948,-20.612,18.11290243902439
AIMS Property,https://www2.sgx.com/securities/equities/BVP,1.39,0.31,3.9661333333333335,4.483870967741935,12610000.0,92.391,92.493,0.22228098008108585,6.253346550356859,4820000.0,106130000.0,14.093,0.11140560120151957,12.496,0.11881654574578347,3.205618255280074,0.0,0.0,93.993,0.0,0.5177376344086015
Spindex Ind,https://www2.sgx.com/securities/equities/564,0.9,0.09,6.205263157894737,10.0,16730000.0,11.906,10.614,0.2080586991667703,4.325702331141661,29190000.0,152780000.0,13.504,0.0778537856577784,11.275,0.10950386176201074,0.6237673130193906,4.114421052631579,0.0,10.621,14.891,3.794736842105263
B&M Hldg,https://www2.sgx.com/securities/equities/CJN,3.5,0.07,0.0,49.99999999999999,-580000.0,-25.416,-25.407,-0.025250326512842838,-138.61206896551724,7680000.0,11400000.0,5.605,-0.02247191011235955,-5.375,-0.05087719298245614,13.379,0.0,0.0,-11.373,2.95,49.99999999999999
Ban Leong,https://www2.sgx.com/securities/equities/B26,0.25,0.05,5.775961538461537,5.0,4980000.0,3.707,3.359,0.25564681724845995,0.9779116465863454,14770000.0,63400000.0,20.054,0.062226665000624765,8.725,0.07854889589905363,0.17936390532544375,5.244230769230769,700000.0,4.281,34.798,-0.7759615384615373
Boardroom,https://www2.sgx.com/securities/equities/B10,0.88,0.03,24.838293333333333,29.333333333333336,6950000.0,10.106,7.588,0.038623985773035455,22.783769784172662,25560000.0,177150000.0,7.836,0.038606821464281744,4.773,0.03923228902060401,2.363812977777778,17.094293333333333,39290000.0,0.0,0.0,4.495040000000003
Brook Crompton,https://www2.sgx.com/securities/equities/AWC,0.7,0.1,0.0,6.999999999999999,0.0,0.0,0.0,0.0,0.0,16469999.999999998,43330000.0,11.757,0.0,0.0,0.0,0.0,0.0,10000.0,-2.921,-16.719,6.999999999999999
China Intl,https://www2.sgx.com/securities/equities/BEH,0.44,0.02,0.0,22.0,0.0,0.0,0.0,0.0,0.0,64269999.99999999,648630000.0,2.312,0.0,0.0,0.0,0.0,0.0,0.0,-18.753,-26.049,22.0
Choo Chiang,https://www2.sgx.com/securities/equities/42E,0.29,0.02,0.0,14.499999999999998,0.0,0.0,0.0,0.0,0.0,15180000.0,56950000.0,11.121,0.0,0.0,0.0,0.0,0.0,3560000.0,-3.092,-17.506,14.499999999999998
Captii,https://www2.sgx.com/securities/equities/AWV,0.385,0.07,0.0,5.5,0.0,0.0,0.0,0.0,0.0,8690000.0,55750000.0,6.154,0.0,0.0,0.0,0.0,0.0,0.0,12.36,18.05,5.5
Chemical Ind,https://www2.sgx.com/securities/equities/C05,0.725,0.12,5.271513157894736,6.041666666666667,10440000.0,15.403,14.329,0.302784222737819,2.3944444444444444,23270000.0,119440000.0,8.797,0.06010016694490818,8.889,0.08740790354989954,0.7207323407202214,3.246282894736842,20000.0,-8.725,40.901,0.7701535087719309
Elec & Eltek USD,https://www2.sgx.com/securities/equities/E16,1.38,0.13,10.61634965034965,10.615384615384615,24300000.0,5.421,4.134,0.06914802800068294,19.957185185185185,25080000.0,726530000.0,6.167,0.03640558518607299,3.576,0.033446657398868596,0.41349386278057604,3.9769090909090914,13530000.0,3.602,12.139,-0.000965034965034306
Cortina,https://www2.sgx.com/securities/equities/C41,1.48,0.14,8.462811594202899,10.571428571428571,28960000.0,8.397,6.434,0.12212710327668368,12.118522099447514,35490000.0,258810000.0,13.233,0.09517862424820062,10.884,0.11189675823963526,0.5566864104179795,6.794057971014493,2310000.0,4.88,6.243,2.1086169772256724
Delfi,https://www2.sgx.com/securities/equities/P34,1.3,0.05,28.15428571428572,26.0,28290000.0,8.437,4.886,0.03275367017088871,39.69020855425946,54710000.0,361120000.0,10.169,0.069,5.844,0.07833961010190518,1.2778469387755105,18.158214285714287,80000.0,-3.446,-18.867,-2.15428571428572
GP Industries,https://www2.sgx.com/securities/equities/G20,0.575,0.02,14.051623931623931,28.749999999999996,19820000.0,3.798,2.794,0.036492184191629994,15.756798688193744,198330000.0,1168810000.0,6.459,0.017968686255133585,2.631,0.01695741822879681,0.25601760537657975,5.051153846153846,30990000.0,3.742,30.678,14.698376068376065
Hai Leck,https://www2.sgx.com/securities/equities/BLH,0.505,0.01,0.0,50.5,-1530000.0,-3.039,-1.739,-0.0317823016202742,-15.889346405228759,61140000.0,147950000.0,1.136,-0.005772277974798159,-1.03,-0.010341331530922608,1.1257778568885726,20.888896226415092,20000.0,-12.812,-39.684,50.5
HC Surgical,https://www2.sgx.com/securities/equities/1B1,0.545,0.03,10.406728813559322,18.166666666666668,7810000.0,42.774,52.531,0.091291642314436,5.969878361075545,4990000.0,22640000.0,29.24,0.25640183847669074,39.172,0.34496466431095407,4.408871516805516,8.694135593220341,0.0,0.0,0.0,7.7599378531073455
First Sponsor,https://www2.sgx.com/securities/equities/ADN,1.33,0.16,8.86528125,8.3125,113010000.0,47.525,42.634,0.07335215655729724,18.131709583222726,164970000.0,2381810000.0,9.449,0.055806856228580455,5.269,0.04744710955113968,3.9666373291015624,8.5088828125,48890000.0,-5.666,-0.017,-0.5527812500000007
Fuxing China,https://www2.sgx.com/securities/equities/AWK,0.78,0.08,9.491,9.75,1410000.0,3.209,0.786,0.03098901098901099,25.170212765957448,63750000.0,1290940000.0,1.055,0.0010659046582301448,0.522,0.001092227369203836,0.075,1.764,0.0,7.858,0.0,0.25900000000000034
Jawala,https://www2.sgx.com/securities/equities/1J7,0.21,0.03,9.987977528089887,7.0,2490000.0,38.532,26.361,0.19317300232738557,1.0871084337349397,25470000.0,33730000.0,57.242,0.03618660078476966,0.0,0.07382152386599466,2.1086826158313343,6.605561797752809,1420000.0,0.0,0.0,-2.9879775280898873
Karin Tech,https://www2.sgx.com/securities/equities/K29,0.305,0.02,10.360317460317459,15.25,6340000.0,2.339,1.714,0.07668118045476537,3.977507886435331,54210000.0,897730000.0,6.595,0.006865261128978116,3.644,0.007062257026054604,0.18187805492567397,8.554523809523811,0.0,-12.239,-13.026,4.889682539682541
Keong Hong,https://www2.sgx.com/securities/equities/5TT,0.47,0.11,4.578183673469387,4.2727272727272725,24170000.0,16.884,14.899,0.12172643029814666,3.8611170872983034,45760000.0,479710000.0,10.715,0.05166406600688284,5.051,0.05038460736695086,0.6946251561849229,4.142714285714286,38820000.0,2.475,0.174,-0.30545640074211455
Khong Guan,https://www2.sgx.com/securities/equities/K03,2.0,0.04,49.776,50.0,1040000.0,2.754,2.043,0.03029420332071075,66.01923076923077,17290000.0,75310000.0,1.644,0.009464009464009463,1.698,0.0138095870402337,0.849,29.128,0.0,-2.218,-41.158,0.22399999999999665
Koda,https://www2.sgx.com/securities/equities/BJZ,0.61,0.11,5.236414285714286,5.545454545454545,9610000.0,12.966,12.086,0.21484462329532752,2.839261186264308,10500000.0,43910000.0,18.297,0.13710943073191612,16.168,0.21885675244818947,0.5551124489795919,4.486114285714286,1320000.0,4.69,64.584,0.30904025974025906
Kori,https://www2.sgx.com/securities/equities/5VC,0.3,0.01,121.95147540983606,30.0,240000.0,1.088,0.825,0.006418828563787109,46.7375,2850000.0,63800000.0,1.536,0.003898635477582846,0.374,0.003761755485893417,0.9916689062080085,69.6127868852459,550000.0,-7.659,-37.856,-91.95147540983606
Hotel Royal,https://www2.sgx.com/securities/equities/H12,3.18,0.08,56.41339156626507,39.75,6940000.0,24.201,11.555,0.017271844901819267,184.1146685878963,37880000.0,807390000.0,1.131,0.008918932812419678,0.894,0.008595598161978722,5.110145521846423,20.518662650602412,14520000.0,1.968,-7.52,-16.66339156626507
Intraco,https://www2.sgx.com/securities/equities/I06,0.245,0.02,10.08198113207547,12.25,2520000.0,0.948,1.638,-0.72,-0.3402777777777778,40590000.0,102500000.0,3.729,0.014476102941176471,2.55,0.024585365853658538,0.15300071199715196,8.313358490566038,1130000.0,2.742,15.979,2.1680188679245305
Medinex,https://www2.sgx.com/securities/equities/OTX,0.27,0.02,0.0,13.5,0.0,0.0,0.0,0.0,0.0,9130000.0,14880000.0,8.129,0.0,0.0,0.0,0.0,0.0,0.0,0.0,0.0,13.5
MegaChem,https://www2.sgx.com/securities/equities/5DS,0.33,0.03,10.784205882352941,11.000000000000002,4080000.0,4.566,3.625,0.0781010719754977,4.225294117647059,12580000.0,81710000.0,8.891,0.046697951241845025,5.288,0.04993268877738343,0.3617439446366782,8.483911764705882,2780000.0,1.637,10.287,0.2157941176470608
Micro-Mechanics,https://www2.sgx.com/securities/equities/5DD,1.57,0.12,13.90230409356725,13.083333333333334,15700000.0,31.835,24.608,0.0716764061358656,21.904,20920000.0,73290000.0,29.795,0.13930789707187222,22.397,0.2142174921544549,3.140869806094183,9.912116959064328,2140000.0,10.704,27.318,-0.8189707602339169
Lonza,https://www2.sgx.com/securities/equities/O6Z,79.97,10.15,39.78,7.8788177339901475,655000000.0,15.193,11.891,0.025438859158435932,3143.6158163358778,461000000.0,13921000000.0,10.606,0.060755032000742046,4.749,0.047051217584943614,3.996,0.0,58230000.0,3.106,41.504,-31.901182266009855
Luxking,https://www2.sgx.com/securities/equities/BKK,0.29,0.06,0.0,4.833333333333333,-1660000.0,-1.104,-1.769,-0.055314895034988334,-5.2427108433734935,18640000.0,357120000.0,2.029,-0.00470281602357074,-2.37,-0.004648297491039426,0.02125703097187611,2.268566037735849,15930000.0,-2.206,-1.326,4.833333333333333
Nomura Yen1k,https://www2.sgx.com/securities/equities/N33,1.99,61.88,0.0,0.0321590174531351,-78611000000.0,-0.819,-4.088,-0.003219937355996063,-618.024445815471,2670084000000.0,40343947000000.0,7.92,-0.005349746545285698,-0.169,-0.0019485203071479347,0.824,0.0,268520000.0,0.214,16.863,0.0321590174531351
Neo,https://www2.sgx.com/securities/equities/5UJ,0.55,0.03,19.038191489361704,18.333333333333336,4220000.0,3.929,1.87,0.03171978352375226,17.339336492890993,13730000.0,147290000.0,10.599,0.04487929384239073,2.134,0.02865096068979564,0.5340651878678138,6.699468085106384,124100000.0,0.0,0.0,-0.7048581560283687
Reclaims Global,https://www2.sgx.com/securities/equities/NEX,0.22,0.03,10.1805,7.333333333333334,2420000.0,25.635,9.073,0.11388235294117648,1.9318181818181817,4950000.0,27460000.0,18.871,0.07115554248750368,0.0,0.08812818645302258,1.1882199999999996,6.2898,0.0,0.0,0.0,-2.8471666666666664
Roxy-Pacific,https://www2.sgx.com/securities/equities/E8Z,0.39,0.02,23.955512195121955,19.5,21290000.0,18.976,15.849,0.014866487905703591,26.233499295443874,149080000.0,1676460000.0,4.255,0.019818478007912498,1.318,0.012699378452214785,3.666324806662701,18.101707317073174,46270000.0,-19.958,-26.767,-4.455512195121955
PNE Industries,https://www2.sgx.com/securities/equities/BDA,0.755,0.06,12.037837662337662,12.583333333333334,5260000.0,8.234,6.592,0.18839541547277938,4.007528517110266,36700000.0,102240000.0,6.555,0.029947620132088362,5.137,0.05144757433489828,0.7777875274076572,10.414097402597402,0.0,-0.498,6.937,0.5454956709956722
Powermatic Data,https://www2.sgx.com/securities/equities/BCY,1.73,0.13,12.47242405063291,13.307692307692307,4850000.0,31.738,28.55,0.167646042170757,10.319360824742269,27640000.0,59000000.0,8.416,0.04172401927047488,7.878,0.08220338983050847,3.9958883592373007,11.870208860759492,0.0,3.953,48.264,0.835268257059397
Prudential USD,https://www2.sgx.com/securities/equities/K6S,21.0,1.38,14.219333333333333,15.217391304347828,3010000000.0,14.711,11.807,0.06435611810737422,326.3093023255814,0.0,508645000000.0,18.059,0.0,0.601,0.005917683256495198,1.5793244444444443,13.710666666666667,70180000.0,-13.556,17.244,0.9980579710144948
SP Corp,https://www2.sgx.com/securities/equities/AWE,0.55,0.05,10.16984375,11.0,1900000.0,1.694,1.392,0.15833333333333333,3.4736842105263164,10460000.0,67730000.0,3.641,0.02143260011280316,2.817,0.028052561641813082,0.12185668945312501,9.955859375000001,0.0,-2.221,-4.606,0.8301562499999999
Sri Trang Agro,https://www2.sgx.com/securities/equities/NC2,0.545,1.35,11.564092592592592,0.40370370370370373,2064360000.0000002,4.15,2.92,0.047934942449786806,11.369576600011627,4197300000.0,55748110000.0,8.671,0.05488050949155589,3.717,0.03703013429513575,0.2872463991769547,4.62038888888889,35720000.0,-7.166,-0.385,-11.160388888888889
Swing Media Tech,https://www2.sgx.com/securities/equities/BEV,0.46,0.29,0.0,1.5862068965517244,12850000.0,7.637,6.534,0.19821070492056148,2.320762645914397,55310000.0,1931290000.0,4.968,0.006598338348412804,3.972,0.00665358387399096,0.131,0.609,0.0,-8.953,-6.83,1.5862068965517244
SingReinsurance,https://www2.sgx.com/securities/equities/S49,0.29,0.02,19.9723,14.499999999999998,8790000.0,9.735,7.656,0.0,0.0,0.0,817730000.0,3.364,0.0,1.115,0.010749269318723784,1.469881111111111,19.161266666666666,0.0,3.341,-15.471,-5.472300000000002
Union Steel,https://www2.sgx.com/securities/equities/BLA,0.3,0.03,16.39310344827586,10.0,710000.0,1.811,0.787,0.020999704229517895,14.285915492957745,18270000.0,117070000.0,1.465,0.006194921909082977,0.453,0.006064747586913812,0.12508917954815693,1.9420689655172412,6940000.0,-5.277,-31.216,-6.393103448275859
Willas-Array,https://www2.sgx.com/securities/equities/BDR,0.61,1.33,5.0325,0.45864661654135336,58530000.0,2.652,1.343,0.05830784710253933,10.461713651119084,327100000.0,2261070000.0,17.305,0.036172053643161735,2.522,0.025885974339582587,0.07189803804994055,4.2026896551724136,0.0,7.348,19.264,-4.573853383458647
TeleChoice Intl,https://www2.sgx.com/securities/equities/T41,0.21,0.01,24.138279069767442,21.0,4000000.0,1.367,0.874,0.04431150991470034,4.739175,28760000.0,154880000.0,5.502,0.020933640360058615,2.587,0.025826446280991736,0.18985181179015684,14.129581395348836,0.0,-2.538,-16.246,-3.1382790697674423
Tosei,https://www2.sgx.com/securities/equities/S2D,9.5,141.1,7.534,0.0673281360737066,6040390000.0,16.021,10.018,0.06426551861531644,147.8242174760239,26520570000.0,138768540000.0,13.958,0.05575301164507377,4.513,0.04352852599011275,0.754,6.758,130169999.99999999,10.989,26.798,-7.466671863926293
TPV Tech,https://www2.sgx.com/securities/equities/T18,0.4,0.17,32.33543859649124,2.3529411764705883,171930000.0,1.35,0.165,0.03831377495309109,10.440109346827198,315810000.0,5054910000.0,1.419,0.03546608412597236,0.283,0.03401247499955489,0.10834102800861806,0.0,23240000.0,-5.24,0.0,-29.98249742002065
YHI Intl,https://www2.sgx.com/securities/equities/BPF,0.35,0.04,7.452784810126581,8.75,13730000.0,3.955,3.134,0.09285810902204789,3.769191551347414,51100000.0,393970000.0,5.478,0.03327194300392575,3.654,0.034850369317460723,0.1986380387758372,4.092784810126582,3220000.0,-2.19,9.238,1.2972151898734188
Yongmao,https://www2.sgx.com/securities/equities/BKX,0.715,0.05,10.899508474576272,14.299999999999999,5820000.0,4.463,3.318,0.10704432591502668,6.679475945017182,131970000.0,1446260000.0,3.299,0.003741947098383633,1.743,0.004024172693706526,0.9692861246768172,3.9094745762711867,150000.0,-1.412,-1.534,3.4004915254237265
