names,openprice,high_low,close,prevclosedate,marketcap,sharesoutstanding,p_float,avgvolume,normalizedeps,mthvwap,unadjvwap,adjvwap,peratio,price_sales,price_cf,pricebookvalue,dividend,divident_5_yr_avg,debt,long_term_debt_equity,enterprisevalue,assets,cash,roe,roa,capex,ebit,revenue,operating_income,operating_margin,netincome,net_profit_margin,revenue_per_share_5_yr_growth,eps_per_share_5_yr_growth,ebita,industry,new PE ratio,new roe,new roa,aquirer multiple,normalized aquirer multiple,volume traded %
DBS,25.66,25.66,0,17 Dec 2019,65790610000.0,2550000000.0,99.45%,79490000.0,2.11,0,25.40578,25.42711,0,0,0,0,0,0,0,35.561,92916610000.0,550751000000.0,0.0,0,0,0,0,0.0,0.0,0,6116000000.0,0,0,0,0,Banking & Investment Services / Banks / ,12.161137440758294,0,0.011104836850046573,0.06582246166751025,389.8365292020929,0.03134494622383896
UOB,26.16,26.24,0,17 Dec 2019,44097410000.0,1670000000.0,73.50%,46690000.0,2.33,0,25.94465,25.95218,0,0,0,0,0,0,0,81.348,-711310000.0,388092360000.0,0.0,0,0,0,0,0.0,0.0,0,4142939999.9999995,0,0,0,0,Banking & Investment Services / Banks / ,11.227467811158798,0,0.01067513928900842,-5.824380368615652,-4.491464901736449,0.03803820929569433
SingTel,3.37,3.38,0,17 Dec 2019,55192360000.0,16320000000.0,94.87%,486110000.0,0.19,0,3.28951,3.28787,0,0,0,0,0,0,0,29.439,65343760000.0,48914800000.0,512700000.00000006,0,0,0,0,0.0,2537900000.0,0,1468800000.0,0,0,0,0,Telecommunications Services / Integrated Telecommunications Services / ,17.736842105263158,0,0.030027721671150653,0.022478045340519125,149.92406808278866,0.03139680822260389
YZJ Shipbldg SGD,1.1,1.07,0,17 Dec 2019,4252260000.0,3920000000.0,62.88%,729430000.0,0.2,0,1.05684,1.0568,0,0,0,0,0,0,0,10.024,1435150000.0,44911480000.0,18615420000.0,0,0,0,0,0.0,4565000000.0,0,718280000.0,0,0,0,0,Industrial Goods / Shipbuilding / ,5.5,0,0.015993238254450756,0.5004912378497022,2.1978406749457036,0.29592729267279433
HongkongLand USD,0.0,0.0,0,17 Dec 2019,12883280000.0,2330000000.0,49.43%,60640000.0,1.05,0,0.0,0.0,0,0,0,0,0,0,0,10.811,16535480000.0,44963000000.0,1286800000.0,0,0,0,0,0.0,2331800000.0,0,1743600000.0,0,0,0,0,Real Estate / Real Estate Development & Operations / ,0.0,0,0.03877855125325268,0.1054459864485337,0.0,0.05265173188946262
ThaiBev,0.905,0.895,0,17 Dec 2019,22476610000.0,25110000000.0,28.48%,251190000.0,0.04,0,0.88579,0.8849,0,0,0,0,0,0,0,170.878,31247520000.0,407240470000.0,24362480000.0,0,0,0,0,0.0,31708200000.0,0,1043710000.0,0,0,0,0,Food & Beverages / Distillers & Wineries / ,22.625,0,0.002562883791976765,0.033401370732781356,27.0946964195035,0.03512494462566953
SPH,2.12,2.12,0,17 Dec 2019,3393380000.0,1620000000.0,94.06%,118780000.0,0.14,0,2.15674,2.15701,0,0,0,0,0,0,0,45.233,4852220000.0,7107390000.0,598170000.0,0,0,0,0,0.0,186920000.0,0,213210000.0,0,0,0,0,Cyclical Consumer Services / Consumer Publishing / ,15.142857142857142,0,0.029998353826088058,0.04394071167424395,48.246828947985556,0.07795129455062831
OCBC Bank,10.91,10.89,0,17 Dec 2019,48009590000.0,4400000000.0,73.12%,95770000.0,1.05,0,10.96292,10.9682,0,0,0,0,0,0,0,71.842,38232050000.0,467542990000.0,0.0,0,0,0,0,0.0,0.0,0,4532990000.0,0,0,0,0,Banking & Investment Services / Banks / ,10.39047619047619,0,0.009695343737267883,0.11856518287667023,92.01689513985251,0.029767381141834092
Keppel Corp,6.73,6.72,0,17 Dec 2019,12219610000.0,1820000000.0,99.29%,82300000.0,0.31,0,6.38854,6.3903,0,0,0,0,0,0,0,53.997,17650130000.0,26556970000.0,2117989999.9999998,0,0,0,0,0.0,1042569999.9999999,0,650100000.0,0,0,0,0,Industrial Conglomerates / Industrial Conglomerates / ,21.70967741935484,0,0.024479449274521906,0.036832589901604124,182.71862005845256,0.045543136488851055
ComfortDelGro,2.43,2.4,0,17 Dec 2019,5198780000.0,2170000000.0,98.50%,144040000.0,0.13,0,2.47937,2.48076,0,0,0,0,0,0,0,18.346,5182580000.0,5136700000.0,586100000.0,0,0,0,0,0.0,438800000.0,0,299800000.0,0,0,0,0,"Transportation / Passenger Transportation, Ground & Sea / ",18.692307692307693,0,0.0583643195047404,0.05784763573355356,42.00690260173449,0.06738871084703736
Wilmar Intl,4.13,4.08,0,17 Dec 2019,26125880000.0,6340000000.0,28.21%,114060000.0,0.27,0,3.86515,3.86658,0,0,0,0,0,0,0,34.423,52738330000.0,45712930000.0,3695720000.0,0,0,0,0,0.0,1335150000.0,0,1392750000.0,0,0,0,0,Food & Beverages / Food Processing / ,15.296296296296294,0,0.030467309796156142,0.02640868605433657,156.38793961586788,0.06377361317831451
CapitaLand,3.7,3.67,0,17 Dec 2019,18851500000.0,5040000000.0,99.60%,127390000.0,0.39,0,3.57093,3.56987,0,0,0,0,0,0,0,107.85,37425610000.0,64647560000.0,5059840000.0,0,0,0,0,0.0,3185590000.0,0,1684950000.0,0,0,0,0,Real Estate / Real Estate Development & Operations / ,9.487179487179487,0,0.026063628696891265,0.04502131027390068,82.18330336211757,0.025377302862242622
ST Engineering,3.96,3.94,0,17 Dec 2019,12302630000.0,3120000000.0,98.75%,96350000.0,0.16,0,4.05178,4.05166,0,0,0,0,0,0,0,12.036,12383590000.0,7573020000.0,414820000.0,0,0,0,0,0.0,562600000.0,0,532880000.0,0,0,0,0,Industrial Goods / Aerospace & Defense / ,24.75,0,0.07036558730862985,0.0430311404043577,92.02637817144573,0.03127231418370659
Venture,16.55,16.26,0,17 Dec 2019,4710680000.0,288440000.0,91.38%,25130000.0,1.27,0,15.60652,15.61046,0,0,0,0,0,0,0,0.0,3999650000.0,3204600000.0,712830000.0,0,0,0,0,0.0,432970000.0,0,374570000.0,0,0,0,0,Technology Equipment / Electronic Equipment & Parts / ,13.031496062992126,0,0.11688510266491918,0.09365069443576313,176.72052620337988,0.09534234906976069
SGX,8.92,8.98,0,17 Dec 2019,9623350000.0,1070000000.0000001,76.42%,62210000.0,0.36,0,8.46533,8.47128,0,0,0,0,0,0,0,0.0,9153060000.0,2132290000.0,470290000.0,0,0,0,0,818.11,461020000.0,0,414240000.0,0,0,0,0,Banking & Investment Services / Financial & Commodity Market Operators / ,24.77777777777778,0,0.1942700101768521,0.04525699602100281,197.09659907300116,0.07607980491479696
JMH USD,0.0,0.0,0,17 Dec 2019,40545110000.0,379980000.0,64.02%,6330000.0,4.53,0,0.0,0.0,0,0,0,0,0,0,0,41.391,54312110000.0,90308000000.0,5038000000.0,0,0,0,0,0.0,4491000000.0,0,1559000000.0,0,0,0,0,Industrial Conglomerates / Industrial Conglomerates / ,0.0,0,0.017263143907516498,0.02870446388475793,0.0,0.026021198866432716
HPL,3.7,3.72,0,17 Dec 2019,1938640000.0,521140000.0,10.26%,5010000.0,0.22,0,3.51815,3.57611,0,0,0,0,0,0,0,28.684,2508650000.0,3154930000.0,142390000.0,0,0,0,0,579.54,85260000.0,0,24610000.0,0,0,0,0,"Cyclical Consumer Services / Hotels, Motels & Cruise Lines / ",16.81818181818182,0,0.0078004900267200855,0.0098100572020808,377.1639577407558,0.09369921586661002
Sembcorp Ind,2.24,2.24,0,17 Dec 2019,4004110000.0,1790000000.0,99.46%,77580000.0,0.18,0,2.23973,2.23842,0,0,0,0,0,0,0,130.672,12812110000.0,23321000000.0,1924000000.0,0,0,0,0,0.0,415000000.0,0,368100000.0,0,0,0,0,Utilities / Multiline Utilities / ,12.444444444444446,0,0.015784057287423353,0.028730630629927468,77.96557022548221,0.04357609302524134
Genting Sing,0.93,0.935,0,17 Dec 2019,11307920000.0,12060000000.0,47.06%,377720000.0,0.06,0,0.91181,0.91179,0,0,0,0,0,0,0,10.695,8132250000.0,9767140000.0,4214240000.0,0,0,0,0,0.0,975190000.0,0,682930000.0,0,0,0,0,Cyclical Consumer Services / Casinos & Gaming / ,15.500000000000002,0,0.06992118470708929,0.08397798887146854,11.07433045846573,0.06655347712492926
SIA,9.17,9.12,0,17 Dec 2019,10942640000.0,1190000000.0,99.64%,22310000.0,0.62,0,9.16758,9.16863,0,0,0,0,0,0,0,48.343,14536240000.0,30505200000.0,3060800000.0,0,0,0,0,0.0,997600000.0,0,692300000.0,0,0,0,0,Transportation / Airlines / ,14.790322580645162,0,0.022694491430969146,0.04762579594172908,192.54271385237615,0.018815635447274052
Jardine C&C,30.59,30.83,0,17 Dec 2019,12185130000.0,395240000.0,23.99%,6270000.0,1.58,0,31.74647,31.77407,0,0,0,0,0,0,0,46.777,19671580000.0,27319900000.0,1949300000.0,0,0,0,0,0.0,1719900000.0,0,1047760000.0,0,0,0,0,Automobiles & Auto Parts / Auto & Truck Manufacturers / ,19.360759493670884,0,0.038351531301359085,0.053262625574559845,574.3239216996259,0.06612663180383455
CityDev,10.73,10.75,0,17 Dec 2019,9774990000.0,906900000.0,42.19%,31340000.0,0.62,0,9.95509,9.98525,0,0,0,0,0,0,0,50.483,14711910000.0,20885690000.0,1953600000.0,0,0,0,0,0.0,904580000.0,0,568290000.0,0,0,0,0,Real Estate / Real Estate Development & Operations / ,17.306451612903228,0,0.027209539162938834,0.03862788720159381,277.7785889246688,0.08190870597808887
Rex Intl,0.189,0.184,0,17 Dec 2019,241760000.0,1310000000.0,47.62%,1567320000.0,-0.02,0,0.12924,0.12924,0,0,0,0,0,0,0,0.0,231310000.0,208900000.0,34120000.0,0,0,0,0,0.35,14040000.0,0,41670000.0,0,0,0,0,Energy - Fossil Fuels / Oil & Gas Exploration and Productio / ,-9.45,0,0.19947343226424127,0.18014785352989496,1.0491382289416846,2.5124474609744447
SATS,5.11,5.14,0,17 Dec 2019,5777650000.0,1120000000.0,99.03%,35460000.0,0.23,0,4.95262,4.95238,0,0,0,0,0,0,0,5.796,5523520000.0,2408430000.0,349860000.0,0,0,0,0,0.0,235430000.0,0,234210000.0,0,0,0,0,Transportation / Airport Services / ,22.217391304347828,0,0.09724592369302824,0.042402308672730434,120.51230605012596,0.03197083134980742
Sembcorp Marine,1.29,1.28,0,17 Dec 2019,2676360000.0,2089999999.9999998,99.07%,91530000.0,-0.04,0,1.32388,1.32385,0,0,0,0,0,0,0,137.279,6068060000.0,8577260000.0,837720000.0,0,0,0,0,0.0,-52320000.0,0,-53520000.0,0,0,0,0,Industrial Goods / Shipbuilding / ,-32.25,0,-0.006239754886758708,-0.008819952340616275,-146.2592937219731,0.04420536829838069
JSH USD,0.0,0.0,0,17 Dec 2019,34263510000.000004,1110000000.0,15.75%,7150000.0,3.18,0,0.0,0.0,0,0,0,0,0,0,0,32.685,47499510000.0,88533000000.0,4640000000.0,0,0,0,0,0.0,4210000000.0,0,2522000000.0,0,0,0,0,Industrial Conglomerates / Industrial Conglomerates / ,0.0,0,0.02848655303672077,0.05309528456188285,0.0,0.040898040898040895
Raffles Medical,0.985,0.98,0,17 Dec 2019,1791690000.0,1830000000.0,45.64%,24090000.0,0.04,0,1.00409,1.00402,0,0,0,0,0,0,0,12.141,1802210000.0,1116290000.0,105980000.0,0,0,0,0,410.54,84240000.0,0,63470000.0,0,0,0,0,Healthcare Services / Healthcare Facilities & Services / ,24.625,0,0.05685798493223087,0.03521787139123631,27.968754529699073,0.02884297639401733
AEM,1.93,1.9,0,17 Dec 2019,519280000.0,269710000.0,79.10%,160180000.0,0.12,0,1.34674,1.34649,0,0,0,0,0,0,0,0.055,460650000.0,136430000.0,58890000.0,0,0,0,0,46.8,39750000.0,0,40410000.0,0,0,0,0,Technology Equipment / Semiconductors / ,16.083333333333332,0,0.2961958513523419,0.08772386844676001,22.00085374907201,0.7508181400625039
Golden Agri-Res,0.215,0.22,0,17 Dec 2019,2824260000.0,12730000000.0,49.62%,1268990000.0,0.0,0,0.23258,0.23245,0,0,0,0,0,0,0,36.203,6652220000.0,8545580000.0,510600000.0,0,0,0,0,0.0,121090000.0,0,45680000.0,0,0,0,0,Food & Beverages / Food Processing / ,0.0,0,0.0053454534390878095,0.006866880530108746,31.309704465849386,0.20089680788446238
BreadTalk,0.615,0.62,0,17 Dec 2019,349550000.0,563270000.0,31.89%,35860000.0,0.03,0,0.61885,0.62975,0,0,0,0,0,0,0,96.035,385710000.0,608860000.0,189770000.0,0,0,0,0,624.15,32939999.999999996,0,11730000.0,0,0,0,0,Cyclical Consumer Services / Restaurants & Bars / ,20.5,0,0.01926551259731301,0.03041144901610018,20.22264705882353,0.19963613114018403
UOL,8.05,8.03,0,17 Dec 2019,6771780000.0,843310000.0,54.41%,21440000.0,0.55,0,7.55762,7.55791,0,0,0,0,0,0,0,29.796,10804430000.0,20620360000.0,677170000.0,0,0,0,0,0.0,710090000.0,0,482220000.0,0,0,0,0,Real Estate / Real Estate Development & Operations / ,14.636363636363637,0,0.02338562469326433,0.04463169274084797,180.36510617560452,0.04672602154334171
Yoma Strategic,0.35,0.345,0,17 Dec 2019,769770000.0,2230000000.0,55.28%,81030000.0,0.02,0,0.35155,0.35302,0,0,0,0,0,0,0,46.709,1168550000.0,1201880000.0,80730000.0,0,0,0,0,82.22,56340000.0,0,-41400000.0,0,0,0,0,Real Estate / Real Estate Development & Operations / ,17.5,0,-0.03444603454587812,-0.03542852252791922,-9.879045893719805,0.06573140895433277
SIA Engineering,2.84,2.83,0,17 Dec 2019,3181250000.0,1120000000.0,99.39%,10280000.0,0.14,0,2.67937,2.67973,0,0,0,0,0,0,0,0.822,2678960000.0,1845280000.0,521580000.00000006,0,0,0,0,0.0,56970000.0,0,169970000.0,0,0,0,0,Transportation / Airport Services / ,20.28571428571428,0,0.09211068238966444,0.06344626272882013,44.76228981584986,0.009234904345076395
Yanlord Land,1.17,1.16,0,17 Dec 2019,2260530000.0,1930000000.0,27.40%,32310000.000000004,0.36,0,1.19234,1.19276,0,0,0,0,0,0,0,133.593,8345629999.999999,106680780000.0,10317370000.0,0,0,0,0,0.0,10541660000.0,0,291350000.0,0,0,0,0,Real Estate / Real Estate Development & Operations / ,3.25,0,0.002731044898621851,0.034910486086730426,33.51428556718722,0.061098294315646166
Chip Eng Seng,0.615,0.61,0,17 Dec 2019,502650000.0,782520000.0,63.03%,11950000.0,0.11,0,0.64036,0.64037,0,0,0,0,0,0,0,205.709,2106449999.9999998,3086540000.0,207330000.0,0,0,0,0,676.45,98040000.0,0,51610000.0,0,0,0,0,Real Estate / Real Estate Development & Operations / ,5.590909090909091,0,0.01672098855028608,0.024500937596430017,25.101080217012203,0.024228423255007524
SingPost,0.93,0.93,0,17 Dec 2019,2115830000.0,2250000000.0,83.56%,67060000.0,0.02,0,0.94934,0.94938,0,0,0,0,0,0,0,0.56,2007260000.0,2619240000.0,399450000.0,0,0,0,0,0.0,70960000.0,0,11050000.0,0,0,0,0,Transportation / Air Freight & Logistics / ,46.5,0,0.00421878102044868,0.005505016789055728,168.93681447963803,0.03566831551513217
Hi-P,1.55,1.52,0,17 Dec 2019,1348510000.0,804200000.0,14.67%,80690000.0,0.12,0,1.35901,1.35901,0,0,0,0,0,0,0,0.0,1230980000.0,1224680000.0,286650000.0,0,0,0,0,0.0,124490000.0,0,102680000.0,0,0,0,0,Industrial Goods / Industrial Machinery & Equipment / ,12.916666666666668,0,0.0838423098278734,0.08341321548684788,18.582187378262564,0.6839518567059407
StarHub,1.42,1.41,0,17 Dec 2019,2441630000.0,1730000000.0,88.80%,45430000.0,0.11,0,1.39973,1.40118,0,0,0,0,0,0,0,192.561,3304130000.0,2653500000.0,166000000.0,0,0,0,0,0.0,273500000.0,0,171500000.0,0,0,0,0,Telecommunications Services / Wireless Telecommunications Services / ,12.909090909090908,0,0.06463161861692104,0.05190473740439995,27.357811078717198,0.029572202260063532
Sheng Siong,1.25,1.23,0,17 Dec 2019,1849350000.0,1500000000.0,41.31%,24890000.0,0.05,0,1.16089,1.16038,0,0,0,0,0,0,0,0.0,1762120000.0,436340000.0,87230000.0,0,0,0,0,764.43,83790000.0,0,75870000.0,0,0,0,0,Food & Drug Retailing / Food Retail & Distribution / ,25.0,0,0.17387816840078837,0.043056091526116266,29.031896665348626,0.0401678366819979
DairyFarm USD,0.0,0.0,0,17 Dec 2019,7940370000.0,1350000000.0,22.21%,28140000.0,0.05,0,0.0,0.0,0,0,0,0,0,0,0,278.607,12406370000.0,8664100000.0,296200000.0,0,0,0,0,0.0,201300000.0,0,65000000.0,0,0,0,0,Food & Drug Retailing / Food Retail & Distribution / ,0.0,0,0.007502221811844277,0.005239244033508593,0.0,0.09385161839011456
MM2 Asia,0.28,0.28,0,17 Dec 2019,325590000.0,1160000000.0,48.90%,25640000.0,0.02,0,0.23008,0.23008,0,0,0,0,0,0,0,86.93,530010000.0,665720000.0,18570000.0,0,0,0,0,95.72,57680000.0,0,19140000.0,0,0,0,0,Cyclical Consumer Services / Entertainment Production / ,14.000000000000002,0,0.028750826173165895,0.036112526178751346,7.753542319749217,0.045201325717509344
Synagie,0.106,0.108,0,17 Dec 2019,32880000.000000004,304480000.0,17.94%,139050000.0,-0.04,0,0.14597,0.14597,0,0,0,0,0,0,0,0.0,25350000.0,22760000.0,7530000.0,0,0,0,0,0.19,-6830000.0,0,-7700000.0,0,0,0,0,Telecommunications Services / Integrated Telecommunications Services / ,-2.65,0,-0.3383128295254833,-0.3037475345167653,-0.348974025974026,2.5455977799531455
Frencken,0.935,0.91,0,17 Dec 2019,386090000.0,424270000.0,62.59%,56610000.0,0.08,0,0.75379,0.75379,0,0,0,0,0,0,0,0.457,387710000.0,463740000.0,67080000.0,0,0,0,0,439.38,40160000.0,0,42150000.0,0,0,0,0,Industrial Goods / Industrial Machinery & Equipment / ,11.6875,0,0.09089144779402251,0.10871527688220577,8.600447212336894,0.21317971600236646
TEE Intl,0.058,0.058,0,17 Dec 2019,37590000.0,725600000.0,23.90%,389850000.0,-0.03,0,0.05652,0.05652,0,0,0,0,0,0,0,205.474,285270000.0,653190000.0,61040000.0,0,0,0,0,261.71,-13860000.0,0,-18170000.0,0,0,0,0,Industrial & Commercial Services / Construction & Engineering / ,-1.9333333333333336,0,-0.027817327270778795,-0.06369404423879133,-0.9106031920748486,2.248031350767854
Oxley,0.355,0.35,0,17 Dec 2019,1457770000.0,4160000000.0,16.94%,51510000.0,0.03,0,0.33188,0.33188,0,0,0,0,0,0,0,149.157,4563590000.0,6193920000.0,474410000.0,0,0,0,0,981.36,274410000.0,0,143890000.0,0,0,0,0,Real Estate / Real Estate Development & Operations / ,11.833333333333334,0,0.023230845732589378,0.03153000159961784,11.259117728820627,0.07309451911724638
Wing Tai,1.98,1.99,0,17 Dec 2019,1579920000.0,768500000.0,56.62%,8480000.0,0.05,0,2.03519,2.03552,0,0,0,0,0,0,0,17.87,1989710000.0,4359640000.0,217330000.0,0,0,0,0,544.53,24630000.0,0,51460000.0,0,0,0,0,Real Estate / Real Estate Development & Operations / ,39.599999999999994,0,0.011803726913231368,0.025863065471852683,76.55705013602798,0.019488666122608075
GSS Energy,0.086,0.084,0,17 Dec 2019,41680000.0,496160000.0,64.80%,185470000.0,0.01,0,0.08393,0.08393,0,0,0,0,0,0,0,0.0,37780000.0,76930000.0,8930000.0,0,0,0,0,93.81,2810000.0,0,2360000.0,0,0,0,0,Industrial Goods / Industrial Machinery & Equipment / ,8.6,0,0.030677239048485638,0.06246691371095818,1.3767288135593219,0.5768686226267115
Y Ventures,0.11,0.11,0,17 Dec 2019,25260000.0,229660000.0,32.08%,214830000.0,-0.03,0,0.11421,0.11421,0,0,0,0,0,0,0,27.353,27610000.0,13310000.0,1130000.0,0,0,0,0,12.11,-3900000.0,0,-5910000.0,0,0,0,0,Software & IT Services / Internet Services / ,-3.666666666666667,0,-0.44402704733283244,-0.21405287939152481,-0.5138917089678511,2.9159173389351665
Creative,2.99,2.95,0,17 Dec 2019,221250000.0,70400000.0,60.15%,1450000.0,-0.27,0,3.25038,3.25038,0,0,0,0,0,0,0,0.0,75290000.0,137700000.0,107770000.0,0,0,0,0,84.57,-6480000.0,0,-4590000.0,0,0,0,0,Technology Equipment / Computer Hardware / ,-11.074074074074074,0,-0.03333333333333333,-0.06096427148359676,-49.04511982570806,0.03424204639915363
China Aviation,1.26,1.25,0,17 Dec 2019,1082730000.0,860180000.0,27.48%,10370000.0,0.15,0,1.24209,1.2421,0,0,0,0,0,0,0,0.0,598270000.0,1653570000.0,357690000.0,0,0,0,0,0.0,33060000.000000004,0,131870000.0,0,0,0,0,Energy - Fossil Fuels / Oil & Gas Refining and Marketin / ,8.4,0,0.0797486650096458,0.22041887442124794,5.716388867824373,0.04387051043072363
SingMedical,0.295,0.295,0,17 Dec 2019,142490000.0,483020000.0,40.65%,2970000.0,0.03,0,0.34774,0.34774,0,0,0,0,0,0,0,8.95,140400000.0,181840000.0,20010000.0,0,0,0,0,30.97,15150000.0,0,12940000.0,0,0,0,0,Healthcare Services / Healthcare Facilities & Services / ,9.833333333333334,0,0.07116146062472503,0.09216524216524216,3.2007727975270477,0.015126232998075913
HRnetGroup,0.625,0.62,0,17 Dec 2019,627070000.0,1010000000.0,22.01%,7100000.0,0.05,0,0.60599,0.60682,0,0,0,0,0,0,0,0.0,327580000.0,415310000.0,299500000.0,0,0,0,0,356.01,65170000.0,0,49090000.0,0,0,0,0,Industrial & Commercial Services / Employment Services / ,12.5,0,0.11820086200669379,0.1498565235972892,4.170655938072928,0.031938677738741615
G Invacom,0.153,0.148,0,17 Dec 2019,41800000.0,271660000.0,63.94%,199390000.0,0.01,0,0.13494,0.13494,0,0,0,0,0,0,0,0.0,46660000.0,94090000.0,8380000.000000001,0,0,0,0,129.11,2080000.0,0,3670000.0,0,0,0,0,Technology Equipment / Communications & Networking / ,15.299999999999999,0,0.03900520777978531,0.07865409344192027,1.9452261580381471,1.1479026145651023
United Engineers,2.69,2.7,0,17 Dec 2019,1721310000.0,637520000.0,46.16%,48100000.0,0.09,0,2.67988,2.67715,0,0,0,0,0,0,0,37.799,2559640000.0,3621670000.0,251250000.0,0,0,0,0,851.19,55000000.0,0,128900000.0,0,0,0,0,Real Estate / Real Estate Development & Operations / ,29.88888888888889,0,0.035591315608545226,0.05035864418433842,53.41684716834756,0.1634502022895044
Hong Leong Fin,2.66,2.64,0,17 Dec 2019,1182830000.0,448040000.0,39.29%,1660000.0,0.26,0,2.67531,2.67531,0,0,0,0,0,0,0,0.0,-259500000.0,13381260000.0,0.0,0,0,0,0,0.0,0.0,0,115450000.0,0,0,0,0,Banking & Investment Services / Corporate Financial Services / ,10.230769230769232,0,0.00862773759720684,-0.44489402697495184,-5.97895192724123,0.00942994740884246
Boustead,0.775,0.78,0,17 Dec 2019,390050000.0,498070000.0,53.06%,5500000.0,0.06,0,0.74853,0.75663,0,0,0,0,0,0,0,23.727,274980000.0,884330000.0,262670000.00000003,0,0,0,0,486.65,66140000.0,0,26990000.0,0,0,0,0,Industrial & Commercial Services / Construction & Engineering / ,12.916666666666668,0,0.030520280890617757,0.09815259291584842,7.895868840311227,0.02081158034430542
CNMC Goldmine,0.25,0.245,0,17 Dec 2019,99880000.0,407690000.0,45.15%,15740000.0,0.01,0,0.28365,0.28365,0,0,0,0,0,0,0,1.737,76690000.0,59840000.0,17910000.0,0,0,0,0,36.47,4130000.0,0,7380000.0,0,0,0,0,Mineral Resources / Gold / ,25.0,0,0.12332887700534759,0.09623158169252836,2.59789972899729,0.0855100015599871
COSCO SHP SG,0.32,0.32,0,17 Dec 2019,716560000.0,2240000000.0,45.34%,60650000.0,0.0,0,0.30281,0.30281,0,0,0,0,0,0,0,28.817,822080000.0,822810000.0,72810000.0,0,0,0,0,0.0,24030000.0,0,11290000.0,0,0,0,0,Transportation / Marine Freight & Logistics / ,0.0,0,0.013721272225665706,0.013733456597898016,23.3007617360496,0.05971745226542315
PropNex,0.525,0.515,0,17 Dec 2019,190550000.0,370000000.0,21.97%,4710000.0,0.06,0,0.50894,0.50898,0,0,0,0,0,0,0,0.0,114880000.0,142110000.0,75670000.0,0,0,0,0,204.77,25650000.0,0,14740000.0,0,0,0,0,Real Estate / Real Estate Services / ,8.75,0,0.10372246851030892,0.12830779944289694,4.0917232021709635,0.05794141888816446
EnGro,0.975,0.975,0,17 Dec 2019,115730000.0,118640000.0,33.89%,160000.0,0.05,0,0.95716,0.95716,0,0,0,0,0,0,0,0.781,76740000.0,257230000.00000003,43720000.0,0,0,0,0,180.77,-2210000.0,0,9320000.0,0,0,0,0,Mineral Resources / Construction Materials / ,19.5,0,0.036232165766045946,0.12144904873599166,8.028057939914163,0.003979397069611792
Frasers Property,1.71,1.69,0,17 Dec 2019,4933940000.0,2920000000.0,12.49%,4810000.0,0.19,0,1.76355,1.76368,0,0,0,0,0,0,0,147.252,18749860000.0,37632930000.0,3579980000.0,0,0,0,0,0.0,890040000.0,0,465090000.0,0,0,0,0,Real Estate / Real Estate Development & Operations / ,9.0,0,0.012358591265681413,0.024804985210556237,68.93775527317294,0.01318863309825943
Koufu,0.775,0.785,0,17 Dec 2019,435530000.0,554810000.0,18.61%,15430000.0,0.05,0,0.74078,0.74078,0,0,0,0,0,0,0,4.774,344320000.0,159700000.0,95980000.0,0,0,0,0,97.29,29050000.0,0,28700000.0,0,0,0,0,Cyclical Consumer Services / Restaurants & Bars / ,15.5,0,0.1797119599248591,0.08335269516728624,9.297839721254356,0.14944289519178477
China Everbright,0.32,0.32,0,17 Dec 2019,1825510000.0,2860000000.0,97.10%,30670000.0,0.04,0,0.32857,0.3284,0,0,0,0,0,0,0,68.148,2754910000.0,19584390000.0,2253920000.0,0,0,0,0,0.0,1324800000.0,0,132900000.0,0,0,0,0,Utilities / Water Utilities / ,8.0,0,0.006786016822581658,0.04824114036393203,6.6333423626787065,0.011044053783497655
Citic Envirotech,0.535,0.545,0,17 Dec 2019,1325640000.0,2430000000.0,15.75%,60910000.0,0.04,0,0.4303,0.42993,0,0,0,0,0,0,0,85.042,2332830000.0,3786760000.0,376520000.0,0,0,0,0,348.98,198150000.0,0,-1920000.0,0,0,0,0,Industrial & Commercial Services / Environmental Services & Equipment / ,13.375,0,-0.0005070297563088234,-0.0008230346831959466,-650.033359375,0.15914821346920113
Bumitama Agri,0.745,0.745,0,17 Dec 2019,1309360000.0,1740000000.0,47.81%,17280000.0,0.06,0,0.63638,0.63421,0,0,0,0,0,0,0,12.03,1785810000.0,16538804000000.0,299053000000.0,0,0,0,0,0.0,1811910000000.0,0,61160000.0,0,0,0,0,Food & Beverages / Food Processing / ,12.416666666666668,0,3.6979699378504034e-06,0.03424776431983246,21.753244767822103,0.020771877186276134
Man Oriental USD,0.0,0.0,0,17 Dec 2019,2235840000.0,1260000000.0,20.12%,8430000.0,0.05,0,0.0,0.0,0,0,0,0,0,0,0,13.583,2687540000.0,2179000000.0,246800000.0,0,0,0,0,607.3,69600000.0,0,9200000.0,0,0,0,0,"Cyclical Consumer Services / Hotels, Motels & Cruise Lines / ",0.0,0,0.004222120238641579,0.0034232048639276065,0.0,0.03325286376976237
Stamford Land,0.5,0.5,0,17 Dec 2019,432040000.0,820740000.0,43.56%,3660000.0,0.05,0,0.48656,0.48656,0,0,0,0,0,0,0,0.0,369530000.0,667400000.0,168230000.0,0,0,0,0,226.49,62730000.0,0,33670000.0,0,0,0,0,"Cyclical Consumer Services / Hotels, Motels & Cruise Lines / ",10.0,0,0.05044950554390171,0.09111574161773063,5.487525987525988,0.010237351483721166
Bukit Sembawang,4.77,4.74,0,17 Dec 2019,1227240000.0,258910000.00000003,54.35%,4190000.0000000005,0.39,0,5.08998,5.05794,0,0,0,0,0,0,0,28.151,1441980000.0,1781550000.0,167900000.0,0,0,0,0,282.0,132870000.0,0,99720000.0,0,0,0,0,Real Estate / Real Estate Development & Operations / ,12.23076923076923,0,0.05597373074008588,0.06915491199600549,68.97557761732853,0.02977595159837344
Valuetronics,0.83,0.825,0,17 Dec 2019,359400000.0,435000000.0,64.27%,74480000.0,0.08,0,0.72432,0.72425,0,0,0,0,0,0,0,0.0,197660000.0,2013370000.0,930450000.0,0,0,0,0,0.0,224650000.0,0,36430000.0,0,0,0,0,Technology Equipment / Electronic Equipment & Parts / ,10.375,0,0.01809404133368432,0.18430638470100172,4.503370848202031,0.26640484021253724
Haw Par,12.88,12.83,0,17 Dec 2019,2836360000.0,221070000.0,63.93%,1490000.0,0.81,0,13.41946,13.47117,0,0,0,0,0,0,0,0.0,2340180000.0,3030450000.0,519429999.99999994,0,0,0,0,178.83,190990000.0,0,189780000.0,0,0,0,0,Pharmaceuticals / ,15.901234567901234,0,0.06262436271840816,0.0810963259236469,158.82347138792287,0.010542697674396227
Q&M Dental,0.48,0.48,0,17 Dec 2019,386350000.0,785620000.0,20.75%,4340000.0,0.02,0,0.49922,0.49922,0,0,0,0,0,0,0,77.889,448050000.0,214150000.0,24920000.0,0,0,0,0,154.94,12870000.0,0,13310000.0,0,0,0,0,Healthcare Services / Healthcare Facilities & Services / ,24.0,0,0.06215269670791501,0.02970650597031581,16.15807663410969,0.026623129058071855
First Resources,1.86,1.88,0,17 Dec 2019,2978060000.0,1580000000.0,29.24%,28650000.0,0.1,0,1.63244,1.64389,0,0,0,0,0,0,0,37.642,3419110000.0,1571040000.0,55360000.0,0,0,0,0,453.67,187150000.0,0,100860000.0,0,0,0,0,Food & Beverages / Food Processing / ,18.6,0,0.06419951115184845,0.029498904685722308,63.05318857822725,0.06201406084953852
UMS,1.0,1.01,0,17 Dec 2019,541790000.0,536429999.99999994,76.08%,126850000.0,0.08,0,0.82097,0.82097,0,0,0,0,0,0,0,1.496,547980000.0,275030000.0,18930000.0,0,0,0,0,111.09,44620000.0,0,33900000.0,0,0,0,0,Technology Equipment / Semiconductors / ,12.5,0,0.12325928080573029,0.06186357166319938,16.164601769911506,0.3108185354307059
Sunpower,0.61,0.6,0,17 Dec 2019,463830000.0,770500000.0,35.51%,32590000.000000004,0.07,0,0.51065,0.5238,0,0,0,0,0,0,0,98.68,732250000.0,6623450000.0,782580000.0,0,0,0,0,0.0,394700000.0,0,52760000.0,0,0,0,0,Industrial Goods / Industrial Machinery & Equipment / ,8.714285714285714,0,0.007965637243430539,0.07205189484465688,8.466120166793026,0.11911351620431752
Penguin Intl,0.77,0.765,0,17 Dec 2019,168430000.0,220170000.0,66.99%,20570000.0,0.04,0,0.6475,0.6475,0,0,0,0,0,0,0,0.055,126890000.0,206750000.0,42620000.0,0,0,0,0,119.85,15500000.0,0,16290000.0,0,0,0,0,"Transportation / Passenger Transportation, Ground & Sea / ",19.25,0,0.07879081015719468,0.12837891086768066,5.997869858809086,0.13946530196512577
GS Hldg,0.745,0.735,0,17 Dec 2019,135970000.0,184990000.0,20.56%,6180000.0,-0.03,0,0.51873,0.51362,0,0,0,0,0,0,0,0.0,144230000.0,17420000.0,1330000.0,0,0,0,0,9.2,-3540000.0,0,3170000.0,0,0,0,0,Industrial & Commercial Services / Business Support Services / ,-24.833333333333336,0,0.1819747416762342,0.021978783886847396,33.896324921135644,0.16248643580061015
Clearbridge,0.135,0.135,0,17 Dec 2019,77570000.0,574570000.0,43.66%,21460000.0,-0.03,0,0.14906,0.14906,0,0,0,0,0,0,0,5.074,72690000.0,62760000.0,7770000.0,0,0,0,0,0.12,-18400000.0,0,-10440000.0,0,0,0,0,Healthcare Services / Healthcare Facilities & Services / ,-4.500000000000001,0,-0.16634799235181644,-0.14362360709863806,-0.9399568965517242,0.08554665640893426
Olam Intl,1.77,1.77,0,17 Dec 2019,5789700000.0,3190000000.0,69.14%,8140000.000000001,0.07,0,1.8545,1.85455,0,0,0,0,0,0,0,102.62,14577570000.0,23446820000.0,2480370000.0,0,0,0,0,0.0,866550000.0,0,270380000.0,0,0,0,0,Food & Beverages / Food Processing / ,25.285714285714285,0,0.011531627743122521,0.018547672897471938,95.42976144685258,0.0036906626235623874
Seroja Inv,0.064,0.064,0,17 Dec 2019,24980000.0,390390000.0,67.44%,2100000.0,0.0,0,0.07509,0.07509,0,0,0,0,0,0,0,0.24,26640000.0,74500000.0,5100000.0,0,0,0,0,34.65,2840000.0,0,1150000.0,0,0,0,0,Transportation / Marine Freight & Logistics / ,0.0,0,0.015436241610738255,0.04316816816816817,1.4825739130434783,0.007976328808521527
HMI,0.725,0.725,0,17 Dec 2019,608260000.0,837340000.0,32.70%,4640000.0,0.02,0,0.71628,0.71397,0,0,0,0,0,0,0,108.072,692930000.0,756020000.0,81910000.0,0,0,0,0,397.81,68620000.0,0,15980000.0,0,0,0,0,Healthcare Services / Healthcare Facilities & Services / ,36.25,0,0.021137006957487898,0.023061492502850216,31.437687734668334,0.01694604634495328
Geo Energy Res,0.15,0.148,0,17 Dec 2019,207090000.0,1400000000.0,26.30%,12260000.0,0.02,0,0.1474,0.1474,0,0,0,0,0,0,0,167.078,333790000.0,548580000.0,197190000.0,0,0,0,0,182.11,28790000.0,0,-33070000.0,0,0,0,0,Energy - Fossil Fuels / Coal / ,7.5,0,-0.06028291224616282,-0.09907426825249409,-1.5140157242213486,0.03329712112982075
Silverlake Axis,0.41,0.405,0,17 Dec 2019,1092070000.0,2650000000.0,29.78%,27170000.0,0.03,0,0.45305,0.45289,0,0,0,0,0,0,0,10.654,912610000.0,1182360000.0,622980000.0,0,0,0,0,636.28,313460000.0,0,76830000.0,0,0,0,0,Software & IT Services / Software / ,13.666666666666666,0,0.06498020907337866,0.08418711169064551,4.870104125992451,0.03442857685923185
Singapore-eDev,0.044,0.043,0,17 Dec 2019,47380000.0,1100000000.0,20.73%,174750000.0,-0.01,0,0.04702,0.04702,0,0,0,0,0,0,0,0.0,46490000.0,67780000.0,3120000.0,0,0,0,0,1.7,-7530000.0,0,-5700000.0,0,0,0,0,Real Estate / Real Estate Services / ,-4.3999999999999995,0,-0.0840956034228386,-0.12260701226070123,-0.35887017543859645,0.7663465333508749
Tianjin ZX USD,0.0,0.0,0,17 Dec 2019,11653020000.0,768870000.0,54.40%,53950000.0,0.74,0,0.0,0.0,0,0,0,0,0,0,0,0.0,10409030000.0,7105310000.0,1508370000.0,0,0,0,0,0.0,641550000.0,0,605840000.0,0,0,0,0,Pharmaceuticals / ,0.0,0,0.08526580824763452,0.058203310010634994,0.0,0.12898512637721207
Indofood Agri,0.325,0.325,0,17 Dec 2019,470530000.0,1400000000.0,17.42%,4450000.0,-0.01,0,0.3238,0.3238,0,0,0,0,0,0,0,35.786,1337450000.0,37514251000000.0,2228869000000.0,0,0,0,0,0.0,569348000000.0,0,-59180000.0,0,0,0,0,Food & Beverages / Fishing & Farming / ,-32.5,0,-1.5775338284109683e-06,-0.044248383117125874,-7.344901149036837,0.018246678694439886
SingTel 10,3.37,3.38,0,17 Dec 2019,55192360000.0,16320000000.0,94.87%,486110000.0,0.19,0,3.28646,3.28646,0,0,0,0,0,0,0,29.439,65343760000.0,48914800000.0,512700000.00000006,0,0,0,0,0.0,2537900000.0,0,1468800000.0,0,0,0,0,Telecommunications Services / Integrated Telecommunications Services / ,17.736842105263158,0,0.030027721671150653,0.022478045340519125,149.92406808278866,0.03139680822260389
SIIC Environment,0.26,0.26,0,17 Dec 2019,676730000.0,2600000000.0,44.15%,22130000.0,0.03,0,0.24537,0.24552,0,0,0,0,0,0,0,110.893,2802080000.0,29718750000.0,2136290000.0,0,0,0,0,0.0,1463750000.0,0,113280000.0,0,0,0,0,Utilities / Water Utilities / ,8.666666666666668,0,0.0038117350157728705,0.04042711128875692,6.4313276836158195,0.019278682812091646
Sino Grandness,0.035,0.039,0,17 Dec 2019,44830000.0,1150000000.0,39.09%,110170000.0,0.04,0,0.04631,0.04631,0,0,0,0,0,0,0,0.071,103690000.0,4614930000.0,621790000.0,0,0,0,0,0.0,386900000.0,0,6190000.0,0,0,0,0,Food & Beverages / Non-Alcoholic Beverages / ,0.8750000000000001,0,0.0013412987845969494,0.05969717426945704,0.5862924071082392,0.2450754668713226
Koh Eco,0.055,0.052,0,17 Dec 2019,91810000.0,1770000000.0,29.27%,87870000.0,0.0,0,0.05133,0.05133,0,0,0,0,0,0,0,1.805,118020000.0,250100000.0,21320000.0,0,0,0,0,44.78,7020000.0,0,4770000.0,0,0,0,0,Industrial & Commercial Services / Construction & Engineering / ,0.0,0,0.019072371051579367,0.04041687849517031,1.360817610062893,0.1696073378770419
LionGold,0.001,0.001,0,17 Dec 2019,31710000.0,8700000000.0,85.83%,62690000.0,0.0,0,0.00102,0.00102,0,0,0,0,0,0,0,116.291,42550000.0,41950000.0,5580000.0,0,0,0,0,67.12,1210000.0,0,-130000.0,0,0,0,0,Mineral Resources / Gold / ,0.0,0,-0.003098927294398093,-0.003055229142185664,-0.3273076923076923,0.008395371229682841
