name,23-Apr-19,24-Apr-19,25-Apr-19,26-Apr-19,29-Apr-19,30-Apr-19,11 May 2019,19 May 2019,26 May 2019,08 Jun 2019,30 Jun 2019
SingTel,3.17,3.17,3.14,3.13,3.16,3.17,3.170,3.140,3.150,,3.500
DBS,27.42,27.37,27.25,27.41,28.4,28.25,26.550,25.890,25.200,,25.960
UOB,27.01,27.12,27.04,27.28,27.97,27.83,25.610,24.980,24.640,,26.130
OCBC Bank,11.83,11.84,11.77,11.81,12.12,12.1,11.390,11.150,11.010,,11.400
Sembcorp Marine,1.75,1.76,1.76,1.73,1.74,1.71,1.580,1.550,1.470,1.430,1.510
CapitaLand,3.52,3.55,3.56,3.58,3.59,3.53,3.400,3.330,3.280,,3.530
ST Engineering,3.76,3.9,3.89,3.95,3.98,3.96,4.020,3.900,3.900,,4.140
ComfortDelGro,2.64,2.66,2.64,2.67,2.69,2.69,2.570,2.480,2.480,,2.660
Keppel Corp,6.91,6.91,6.91,6.95,6.79,6.77,6.530,6.340,6.120,,6.660
SGX,7.26,7.28,7.26,7.4,7.38,7.38,7.380,7.410,7.620,,7.920
Genting Sing,0.96,0.955,0.965,0.97,0.985,0.985,0.935,0.890,0.870,,0.920
ThaiBev,0.835,0.84,0.835,0.82,0.835,0.84,0.825,0.780,0.795,0.825,0.830
YZJ Shipbldg SGD,1.6,1.55,1.56,1.57,1.58,1.57,1.490,1.470,1.370,,1.530
Venture,19.26,19.39,19.29,17.52,17.58,16.97,16.030,15.600,15.090,,16.290
Sembcorp Ind,2.78,2.77,2.72,2.71,2.69,2.66,2.530,2.530,2.470,,2.410
Best World,1.81,1.62,1.62,1.62,1.62,1.62,1.360,1.360,1.360,1.360,1.360
Wilmar Intl,3.64,3.63,3.61,3.64,3.65,3.64,3.510,3.560,3.400,,3.700
CityDev,9.16,9.19,9.11,9.05,9.09,8.94,8.740,8.610,8.330,,9.470
HongkongLand USD,7.02,7.06,6.99,6.93,6.92,6.97,6.910,6.800,6.850,6.710,6.440
AEM,1.05,1.05,1.16,1.15,1.16,1.14,1.000,0.965,0.900,0.865,1.030
Golden Agri-Res,0.3,0.285,0.29,0.285,0.29,0.29,0.280,0.275,0.265,0.270,0.290
Jardine C&C,36.23,35.94,36.26,36.33,36.53,35.52,34.810,33.180,33.670,,36.230
SIA,9.74,9.65,9.59,9.64,9.67,9.68,9.540,9.300,9.170,,9.270
SATS,5.23,5.23,5.23,5.25,5.25,5.23,5.270,5.080,5.070,,5.220
UOL,7.64,7.69,7.66,7.68,7.64,7.58,7.260,7.050,6.930,6.940,7.550
SPH,2.49,2.5,2.49,2.52,2.52,2.51,2.390,2.380,2.390,,2.440
Haw Par,14,14.08,14.2,14.2,14.35,14.5,14.000,14.550,14.440,13.240,14.120
Hi-P,1.45,1.5,1.53,1.5,1.49,1.46,1.320,1.280,1.200,1.210,1.390
Yanlord Land,1.47,1.49,1.48,1.47,1.48,1.46,1.430,1.410,1.220,1.220,1.290
StarHub,1.54,1.53,1.53,1.53,1.54,1.55,1.510,1.520,1.520,1.480,1.540
Yoma Strategic,0.335,0.33,0.33,0.33,0.33,0.325,0.340,0.330,0.335,0.350,0.385
JMH USD,63.75,64.44,63.75,64,64.92,65.8,64.310,62.000,61.700,65.770,63.020
Clearbridge,0.196,0.19,0.182,0.178,0.174,0.174,0.158,0.153,0.146,0.155,0.169
Rex Intl,0.08,0.08,0.08,0.079,0.076,0.075,0.069,0.070,0.063,0.067,0.072
Chip Eng Seng,0.795,0.79,0.79,0.8,0.79,0.795,0.710,0.690,0.680,0.690,0.720
BRC Asia,1.31,1.31,1.31,1.34,1.39,1.39,1.340,1.340,1.340,1.340,1.320
Frasers Property,1.84,1.84,1.87,1.86,1.87,1.86,1.840,1.870,1.800,1.790,1.870
Japfa,0.67,0.67,0.65,0.65,0.64,0.64,0.545,0.550,0.575,0.570,0.530
SingPost,1.04,1.04,1.04,1.03,1.04,1.04,0.970,0.955,0.940,0.945,0.950
Miyoshi,0.056,0.053,0.052,0.051,0.048,0.047,0.049,0.051,0.046,0.044,0.045
Fu Yu,0.215,0.215,0.215,0.215,0.22,0.215,0.205,0.200,0.200,0.200,0.205
China Sunsine,1.21,1.17,1.19,1.17,1.19,1.16,1.090,1.120,1.170,1.130,1.140
Overseas Edu,0.33,0.33,0.33,0.335,0.33,0.325,0.295,0.295,0.285,0.290,0.290
Moya Asia,0.088,0.085,0.086,0.085,0.084,0.081,0.079,0.078,0.078,0.076,0.076
DairyFarm USD,7.96,7.85,7.85,7.85,7.85,7.83,7.850,7.690,7.820,7.710,7.150
G Invacom,0.065,0.055,0.056,0.052,0.056,0.051,0.081,0.089,0.083,0.082,0.091
JSH USD,37.12,37.14,36.68,37.16,37.36,37.82,37.690,35.770,35.600,,38.130
First Resources,1.82,1.86,1.85,1.84,1.85,1.83,1.710,1.690,1.580,1.530,1.590
OUE,1.74,1.76,1.77,1.76,1.77,1.76,1.740,1.540,1.530,1.500,1.500
Koufu,0.795,0.79,0.79,0.8,0.775,0.79,0.710,0.715,0.695,0.690,0.690
UMS,0.715,0.72,0.745,0.735,0.74,0.73,0.645,0.620,0.595,0.620,0.630
Hong Fok,0.885,0.875,0.875,0.87,0.895,0.885,0.840,0.815,0.790,0.840,0.845
GL,0.82,0.825,0.82,0.815,0.8,0.795,0.770,0.775,0.765,0.765,0.790
United Engineers,2.52,2.54,2.54,2.54,2.55,2.53,2.530,2.520,2.490,2.540,2.580
Indofood Agri,0.28,0.28,0.28,0.28,0.28,0.28,0.280,0.275,0.275,0.325,0.280
InnoTek,0.6,0.595,0.595,0.585,0.585,0.56,0.520,0.545,0.550,0.510,0.520
CSE Global,0.515,0.515,0.52,0.52,0.53,0.525,0.485,0.490,0.480,0.485,0.485
Yongnam,0.191,0.188,0.187,0.188,0.185,0.179,0.168,0.170,0.168,0.163,0.172
Imperium Crown,0.02,0.019,0.018,0.019,0.019,0.019,0.017,0.019,0.019,0.018,0.015
China Everbright,0.385,0.49,0.485,0.49,0.49,0.44,0.385,0.385,0.380,0.355,0.335
TheHourGlass,0.785,0.795,0.785,0.785,0.785,0.785,0.750,0.765,0.750,0.780,0.765
TEE Intl,0.111,0.111,0.11,0.111,0.108,0.104,0.094,0.082,0.062,0.067,0.087
Mewah Intl,0.275,0.28,0.28,0.28,0.28,0.28,0.265,0.265,0.270,0.260,0.275
JB Foods,0.67,0.67,0.665,0.66,0.655,0.66,0.705,0.665,0.665,0.660,0.660
Tianjin ZX USD,1,1.02,0.97,0.975,0.98,0.985,0.925,0.920,0.895,0.890,0.920
Sheng Siong,1.04,1.04,1.04,1.04,1.04,1.03,1.040,1.060,1.080,1.100,1.100
Citic Envirotech,0.455,0.46,0.46,0.455,0.44,0.4,0.380,0.380,0.375,0.335,0.305
Olam Intl,1.91,1.97,1.99,1.98,1.99,1.98,1.800,1.880,1.810,1.880,1.970
F & N,1.81,1.81,1.81,1.81,1.8,1.79,1.790,1.760,1.780,1.720,1.710
Frencken,0.635,0.635,0.635,0.635,0.67,0.66,0.615,0.625,0.615,0.600,0.655
Boustead,0.785,0.8,0.805,0.8,0.805,0.805,0.810,0.790,0.795,0.780,0.780
China Aviation,1.43,1.42,1.43,1.39,1.38,1.37,1.270,1.260,1.230,1.300,1.320
Oxley,0.3,0.3,0.295,0.305,0.3,0.325,0.305,0.305,0.305,0.300,0.330
Y Ventures,0.124,0.118,0.107,0.11,0.124,0.118,0.100,0.102,0.085,0.067,0.140
Boustead Proj,0.94,0.945,0.955,0.945,0.94,0.94,1.020,1.010,1.020,0.925,0.940
Halcyon Agri,0.56,0.53,0.53,0.52,0.535,0.52,0.495,0.500,0.480,0.495,0.475
Silverlake Axis,0.515,0.505,0.51,0.515,0.53,0.52,0.505,0.525,0.505,0.535,0.535
Hotel Grand,1.38,1.37,1.38,1.38,1.38,1.38,1.360,1.330,1.310,1.310,1.300
KingsmenCreative,0.52,0.54,0.54,0.54,0.54,0.545,0.540,0.515,0.510,0.510,0.525
Ying Li Intl,0.139,0.14,0.14,0.139,0.139,0.139,0.139,0.139,0.139,0.139,0.137
Raffles Medical,1.07,1.06,1.07,1.07,1.07,1.08,1.030,1.030,1.030,1.010,1.040
Chasen,0.084,0.083,0.083,0.082,0.082,0.082,0.090,0.101,0.098,0.085,0.084
TCIL HK$,2.45,2.45,2.45,2.45,2.45,2.45,2.460,2.450,2.450,2.460,2.450
SIA Engineering,2.48,2.53,2.53,2.52,2.52,2.5,2.480,2.450,2.410,2.480,2.510
UIC,3.11,3.2,3.17,3.19,3.21,3.17,3.080,3.080,3.080,2.900,2.940
Far East Orchard,1.27,1.27,1.29,1.29,1.29,1.27,1.260,1.220,1.200,1.200,1.190
Synagie,0.113,0.108,0.101,0.104,0.106,0.102,0.093,0.091,0.072,0.065,0.175
Perennial Hldgs,0.66,0.665,0.67,0.67,0.67,0.665,0.640,0.640,0.640,0.620,0.615
Bukit Sembawang,5.63,5.64,5.66,5.63,5.68,5.69,5.680,5.660,5.650,5.540,5.770
Wing Tai,2.03,2.05,2.04,2.04,2.04,2.05,2.020,2.020,2.010,2.050,2.070
Biolidics,0.305,0.295,0.3,0.3,0.3,0.3,0.280,0.290,0.290,0.290,0.290
COSCO SHP SG,0.345,0.345,0.375,0.36,0.355,0.355,0.335,0.320,0.300,0.300,0.315
Creative,4.24,4.22,4.26,4.28,4.26,4.2,3.880,3.710,3.600,3.760,3.730
Banyan Tree,0.57,0.57,0.57,0.57,0.57,0.57,0.550,0.535,0.500,0.500,0.495
Tuan Sing,0.41,0.405,0.4,0.395,0.39,0.39,0.365,0.355,0.350,0.355,0.345
SingTel 10,3.17,3.16,3.14,3.12,3.2,3.14,3.190,3.130,3.150,3.280,3.500
APAC Realty,0.64,0.63,0.625,0.635,0.625,0.625,0.560,0.500,0.500,0.520,0.530
Tritech,0.046,0.045,0.048,0.046,0.045,0.045,0.040,0.038,0.035,0.031,0.031
VICOM,6.7,6.75,6.78,6.74,6.81,6.8,6.500,6.700,6.750,6.700,6.850
Q&M Dental,0.415,0.45,0.47,0.49,0.485,0.475,0.465,0.480,0.520,0.510,0.495
Mermaid Maritime,0.082,0.087,0.085,0.082,0.08,0.081,0.076,0.075,0.072,0.068,0.071
JCG Investment,0.002,0.002,0.002,0.002,0.002,0.002,0.002,0.002,0.002,0.002,0.002
Shangri-La HKD,10.82,10.84,10.86,10.86,10.86,11.12,10.520,10.540,10.240,9.550,9.690
PanUnited,0.28,0.275,0.27,0.275,0.315,0.32,0.295,0.285,0.285,0.280,0.310
Nico Steel,0.005,0.005,0.005,0.005,0.004,0.004,0.005,0.005,0.004,0.004,0.004
JEP,0.152,0.153,0.158,0.162,0.16,0.159,0.156,0.152,0.151,0.149,0.149
POSH,0.18,0.178,0.18,0.18,0.18,0.181,0.180,0.175,0.174,0.170,0.154
Sing Inv & Fin,1.58,1.58,1.58,1.56,1.48,1.49,1.480,1.470,1.450,1.440,1.470
Hong Leong Asia,0.58,0.565,0.57,0.57,0.565,0.56,0.540,0.560,0.520,0.520,0.540
Uni-Asia Grp,1.17,1.17,1.17,1.17,1.16,1.16,1.050,1.100,1.120,0.775,0.765
KrisEnergy,0.05,0.051,0.05,0.049,0.043,0.042,0.037,0.034,0.032,0.032,0.037
QAF,0.855,0.87,0.855,0.845,0.845,0.84,0.745,0.770,0.730,0.760,0.730
Singapore O&G,0.39,0.385,0.39,0.39,0.395,0.39,0.380,0.370,0.360,0.365,0.380
Thomson Medical,0.077,0.076,0.076,0.075,0.075,0.075,0.072,0.066,0.058,0.057,0.064
AusGroup,0.03,0.03,0.029,0.029,0.029,0.029,0.029,0.027,0.027,0.026,0.027
Kingboard Copper,0.6,0.6,0.6,0.6,0.6,0.6,0.595,0.595,0.595,0.595,
SingMedical,0.465,0.455,0.46,0.455,0.455,0.445,0.445,0.415,0.400,0.380,0.385
Hong Leong Fin,2.79,2.79,2.8,2.8,2.8,2.78,2.630,2.610,2.590,2.610,2.720
Great Eastern,25.83,25.92,25.87,25.8,26,25.95,25.830,25.900,25.910,25.960,25.550
SIIC Environment,0.325,0.33,0.325,0.33,0.32,0.31,0.300,0.295,0.280,0.300,0.275
Alliance Mineral,0.169,0.166,0.164,0.163,0.169,0.164,0.196,0.190,0.189,0.168,0.146
Sunpower,0.53,0.525,0.515,0.515,0.515,0.525,0.480,0.475,0.450,0.475,0.485
GSS Energy,0.102,0.101,0.101,0.1,0.098,0.097,0.089,0.081,0.071,0.075,0.085
IHH,1.82,1.85,1.82,1.84,1.84,1.83,1.800,1.780,1.730,1.800,1.880
Fragrance,0.138,0.135,0.137,0.137,0.135,0.134,0.128,0.130,0.131,0.120,0.125
Healthway Med,0.028,0.028,0.028,0.029,0.029,0.029,0.028,0.029,0.029,0.028,0.030
Hanwell,0.255,0.26,0.26,0.255,0.255,0.26,0.240,0.225,0.225,0.225,0.205
Lian Beng,0.52,0.52,0.525,0.525,0.53,0.525,0.515,0.500,0.490,0.480,0.470
Capital World,0.035,0.034,0.034,0.032,0.032,0.033,0.032,0.032,0.031,0.035,0.018
TalkMed,0.5,0.5,0.51,0.51,0.51,0.52,0.530,0.530,0.530,0.520,0.495
ISEC,0.325,0.325,0.325,0.325,0.325,0.32,0.305,0.300,0.300,0.315,0.340
Sarine Tech,0.385,0.375,0.37,0.37,0.36,0.365,0.345,0.335,0.320,0.320,0.310
MFG Integration,0.205,0.205,0.205,0.205,0.205,0.205,0.199,0.200,0.199,0.200,0.200
UOB Kay Hian,1.25,1.26,1.26,1.25,1.26,1.27,1.200,1.200,1.190,1.190,1.200
Jiutian Chemical,0.019,0.019,0.019,0.019,0.018,0.018,0.018,0.017,0.015,0.015,0.014
SingHoldings,0.405,0.405,0.405,0.4,0.405,0.4,0.390,0.390,0.380,0.380,0.390
Sinwa,0.305,0.305,0.305,0.305,0.31,0.315,,,,,
Valuetronics,0.68,0.685,0.695,0.69,0.69,0.685,0.635,0.620,0.610,0.620,0.685
Penguin Intl,0.435,0.435,0.45,0.455,0.465,0.45,0.435,0.440,0.445,0.430,0.455
Kimly,0.24,0.245,0.245,0.24,0.245,0.245,0.240,0.245,0.240,0.235,0.245
ISDN,0.23,0.235,0.235,0.235,0.235,0.23,0.215,0.220,0.230,0.230,0.235
BreadTalk,0.85,0.86,0.855,0.86,0.86,0.845,0.825,0.820,0.805,0.780,0.745
Vallianz,0.166,0.163,0.162,0.163,0.162,0.163,0.155,0.147,0.149,0.150,0.128
Sunningdale Tech,1.34,1.34,1.35,1.33,1.35,1.34,1.310,1.290,1.310,1.300,1.380
Riverstone,1.08,1.08,1.08,1.09,1.06,1.03,0.990,0.965,0.930,0.915,0.980
Ho Bee Land,2.54,2.53,2.53,2.53,2.54,2.55,2.530,2.430,2.410,2.370,2.380
Straits Trading,2.24,2.26,2.27,2.28,2.27,2.26,2.210,2.210,2.150,2.170,2.240
SBS Transit,4.17,4.18,4.18,4.12,3.99,4.03,4.000,4.000,3.990,3.900,4.110
Man Oriental USD,1.91,1.93,1.92,1.94,1.94,1.93,1.860,1.820,1.810,1.860,1.780
Alpha Energy,0.073,0.073,0.074,0.071,0.072,0.072,0.060,0.056,0.054,0.054,0.027
GP Industries,0.585,0.585,0.585,0.58,0.58,0.58,0.575,0.585,0.585,0.580,0.575
Spackman,0.023,0.025,0.024,0.025,0.023,0.023,0.022,0.021,0.018,0.018,0.018
Excelpoint,0.62,0.59,0.59,0.57,0.59,0.57,0.570,0.525,0.525,0.505,0.520
Datapulse Tech,0.255,0.25,0.25,0.25,0.25,0.26,0.255,0.240,0.240,0.260,0.245
Eneco Energy,0.086,0.087,0.085,0.076,0.073,0.073,0.080,0.077,0.078,0.072,0.059
Avarga,0.24,0.235,0.235,0.235,0.235,0.235,0.199,0.186,0.193,0.191,0.196
Lion Asiapac,0.45,0.45,0.45,0.45,0.45,0.45,0.435,0.415,0.420,0.440,0.420
Multi-Chem,0.74,0.74,0.74,0.735,0.74,0.74,0.745,0.710,0.740,0.700,0.695
Micro-Mechanics,1.67,1.66,1.72,1.72,1.63,1.63,1.610,1.620,1.540,1.470,1.570
UOI,7.22,7.21,7.15,7.15,7.15,7.15,7.220,7.150,7.000,7.180,7.100
Asian Healthcare,0.255,0.25,0.235,0.23,0.255,0.255,0.255,0.255,0.230,0.245,0.245
KSH,0.53,0.52,0.515,0.52,0.53,0.53,0.510,0.495,0.465,0.420,0.410
HG Metal,0.23,0.24,0.215,0.23,0.23,0.215,0.230,0.225,0.235,0.230,0.215
CNMC Goldmine,0.21,0.2,0.205,0.205,0.205,0.205,0.200,0.200,0.198,0.200,0.270
HRnetGroup,0.8,0.785,0.785,0.785,0.785,0.785,0.770,0.740,0.715,0.710,0.700
GuocoLand,1.96,1.96,1.96,1.96,1.97,1.95,1.960,1.970,1.940,1.970,2.000
Interra Resource,0.032,0.034,0.034,0.033,0.034,0.032,0.030,0.030,0.031,0.031,0.032
New Silkroutes,0.33,0.33,0.3,0.295,0.28,0.28,0.295,0.270,0.295,0.260,0.250
Mirach Energy,0.16,0.151,0.16,0.154,0.163,0.156,0.176,0.195,0.199,0.210,0.245
SingHaiyi,0.096,0.094,0.096,0.094,0.095,0.094,0.091,0.093,0.094,0.094,0.095
Teckwah,0.405,0.405,0.405,0.41,0.41,0.41,0.395,0.405,0.390,0.395,0.415
UnUsUaL,0.305,0.3,0.305,0.305,0.305,0.31,0.295,0.300,0.320,0.300,0.290
Procurri,0.31,0.315,0.315,0.32,0.325,0.33,0.310,0.305,0.295,0.310,0.320
Sino Grandness,0.054,0.051,0.05,0.049,0.046,0.049,0.060,0.057,0.059,0.048,0.059
YHI Intl,0.395,0.395,0.39,0.39,0.39,0.39,0.385,0.385,0.335,0.370,0.350
FortressMinerals,0.22,0.235,0.25,0.24,0.245,0.24,0.235,0.240,0.235,0.240,0.240
Hupsteel,0.795,0.79,0.77,0.77,0.795,0.795,0.780,0.760,0.745,0.770,0.790
Spindex Ind,0.9,0.9,0.92,0.92,0.92,0.92,0.860,0.850,0.850,0.905,0.900
PropNex,0.615,0.61,0.615,0.575,0.56,0.56,0.515,0.510,0.510,0.510,0.525
ISOTeam,0.215,0.215,0.215,0.22,0.215,0.215,0.225,0.220,0.225,0.230,0.245
SHS,0.185,0.187,0.187,0.187,0.187,0.187,0.186,0.174,0.174,0.177,0.179
LHT,0.655,0.65,0.64,0.645,0.65,0.64,0.615,0.590,0.575,0.575,0.545
Hatten Land,0.106,0.106,0.106,0.106,0.105,0.106,0.110,0.106,0.108,0.105,0.106
Centurion,0.435,0.435,0.44,0.435,0.435,0.435,0.420,0.405,0.415,0.405,0.400
HC Surgical,0.59,0.59,0.59,0.59,0.58,0.58,0.570,0.570,0.570,0.560,0.545
IPC Corp,0.31,0.315,0.35,0.315,0.335,0.33,0.320,0.325,0.325,0.255,0.325
Tat Seng Pkg,0.62,0.62,0.62,0.615,0.615,0.61,0.585,0.535,0.495,0.490,0.510
IFAST,1.14,1.13,1.14,1.17,1.12,1.12,1.100,1.100,1.090,1.090,1.080
Hiap Hoe,0.83,0.855,0.85,0.86,0.855,0.855,0.850,0.850,0.850,0.825,0.820
Avi-Tech,0.28,0.285,0.285,0.275,0.285,0.285,0.280,0.265,0.275,0.270,0.260
SingShipping,0.285,0.29,0.29,0.29,0.29,0.285,0.280,0.280,0.280,0.280,0.290
Sanli Env,0.18,0.18,0.18,0.18,0.18,0.18,0.180,0.188,0.184,0.188,0.190
Nippecraft,0.033,0.033,0.033,0.033,0.033,0.033,0.034,0.034,0.035,0.034,0.040
Chuan Hup,0.37,0.37,0.37,0.37,0.37,0.365,0.375,0.275,0.275,0.270,0.270
Libra,0.07,0.084,0.088,0.089,0.089,0.089,0.086,0.088,0.075,0.090,0.063
China Star Food,0.026,0.026,0.025,0.025,0.024,0.023,0.019,0.020,0.017,0.026,0.034
Sinarmas Land,0.27,0.265,0.26,0.26,0.255,0.26,0.260,0.255,0.250,0.250,0.250
PCI,1.32,1.32,1.32,1.32,1.32,1.32,1.320,,,,
Duty Free Intl,0.198,0.198,0.198,0.196,0.195,0.194,0.190,0.189,0.187,0.182,0.181
Aoxin Q & M,0.2,0.2,0.21,0.215,0.21,0.205,0.195,0.190,0.190,0.190,0.195
Sinostar Pec,0.2,0.205,0.195,0.22,0.215,0.2,0.200,0.191,0.191,0.190,0.190
Tai Sin Electric,0.33,0.32,0.32,0.325,0.325,0.325,0.320,0.325,0.330,0.330,0.320
NeraTel,0.315,0.315,0.315,0.32,0.32,0.31,0.290,0.290,0.285,0.275,0.275
Koh Bros,0.235,0.24,0.24,0.24,0.24,0.245,0.225,0.230,0.240,0.230,0.230
Jubilee Ind,0.031,0.03,0.03,0.031,0.031,0.032,0.032,0.030,0.030,0.024,0.025
TPV Tech,0.305,0.315,0.325,0.325,0.325,0.325,0.305,0.305,0.300,0.325,0.400
Singapore-eDev,0.041,0.049,0.045,0.044,0.044,0.042,0.037,0.037,0.038,0.040,0.024
Tiong Woon,0.28,0.275,0.28,0.27,0.275,0.265,0.290,0.285,0.275,0.280,0.365
QT Vascular,0.004,0.004,0.004,0.004,0.004,0.004,0.003,0.004,0.003,0.003,0.004
Union Gas,0.26,0.255,0.26,0.265,0.255,0.255,0.255,0.255,0.245,0.245,0.245
Karin Tech,0.315,0.315,0.31,0.31,0.32,0.32,0.310,0.315,0.315,0.315,0.305
SingReinsurance,0.295,0.295,0.295,0.29,0.285,0.295,0.290,0.290,0.290,0.285,0.290
EnGro,0.85,0.85,0.82,0.82,0.82,0.82,0.820,0.825,0.805,0.830,0.835
Reclaims Global,0.185,0.17,0.17,0.22,0.24,0.23,0.240,0.225,0.240,0.245,0.220
Hwa Hong,0.31,0.315,0.315,0.315,0.315,0.31,0.310,0.310,0.305,0.310,0.305
Hong Lai Huat,0.26,0.255,0.255,0.255,0.255,0.255,0.245,0.230,0.225,0.210,0.210
Anchor Resources,0.018,0.019,0.017,0.018,0.017,0.018,0.012,0.012,0.010,0.010,0.013
Sakae,0.16,0.16,0.16,0.16,0.16,0.16,0.135,0.135,0.135,0.155,0.125
ASTI,0.04,0.04,0.04,0.04,0.04,0.039,0.038,0.034,0.032,0.047,0.027
Geo Energy Res,0.177,0.177,0.176,0.178,0.177,0.175,0.171,0.151,0.148,0.154,0.153
FJ Benjamin,0.036,0.035,0.034,0.034,0.033,0.034,0.030,0.035,0.031,0.032,0.030
Nam Lee Metal,0.365,0.365,0.365,0.365,0.365,0.355,0.360,0.355,0.360,0.365,0.375
800 Super,0.7,0.69,0.7,0.775,0.81,0.81,0.890,0.890,0.890,0.890,0.895
AF Global,0.175,0.187,0.197,0.2,0.205,0.169,0.200,0.145,0.145,0.145,0.149
TTJ,0.275,0.275,0.28,0.28,0.28,0.285,0.275,0.275,0.275,0.280,0.245
Shinvest,1.02,0.99,0.98,0.98,0.98,0.98,0.890,0.840,0.900,0.980,1.040
Lung Kee Bermuda,0.605,0.61,0.61,0.61,0.61,0.61,0.610,0.600,0.600,0.600,0.600
Metro,1.04,1.04,1.03,1.04,1.03,1.03,1.020,1.010,1.000,1.000,1.010
Nam Cheong,0.008,0.008,0.009,0.011,0.009,0.009,0.010,0.008,0.009,0.008,0.009
A-Smart,0.345,0.34,0.345,0.365,0.36,0.36,0.335,0.340,0.335,0.360,0.350
DISA,0.003,0.003,0.003,0.003,0.003,0.002,0.003,0.002,0.002,0.003,0.002
Zhongmin Baihui,0.675,0.675,0.675,0.725,0.725,0.725,0.725,0.725,0.740,0.740,0.730
Artivision Tech,0.006,0.006,0.005,0.005,0.005,0.004,0.005,0.005,0.005,0.005,0.005
AMOS,0.039,0.039,0.039,0.039,0.039,0.039,0.036,0.036,0.036,0.032,0.032
Jumbo,0.41,0.41,0.405,0.405,0.405,0.415,0.405,0.400,0.390,0.380,0.380
SingaporeKitchen,0.13,0.13,0.13,0.12,0.12,0.12,0.120,0.120,0.120,0.120,0.105
Figtree,0.115,0.125,0.122,0.129,0.136,0.148,0.148,0.136,0.136,0.120,0.105
AVIC,0.081,0.1,0.1,0.1,0.095,0.095,0.095,0.109,0.128,0.128,0.091
Yeo Hiap Seng,0.98,0.965,0.965,0.975,0.98,0.985,0.945,0.930,0.935,0.920,0.900
IEV,0.012,0.012,0.012,0.012,0.015,0.015,0.021,0.017,0.014,0.024,0.027
GRP,0.13,0.13,0.13,0.13,0.134,0.139,0.152,0.164,0.179,0.194,0.189
LionGold,0.001,0.001,0.001,0.001,0.001,0.001,0.002,0.002,0.001,0.001,0.001
Sincap,0.009,0.009,0.009,0.009,0.009,0.008,0.006,0.007,0.006,0.007,0.007
Captii,0.445,0.445,0.445,0.445,0.45,0.45,0.400,0.400,0.400,0.400,0.385
OUE Lippo HC,0.065,0.065,0.065,0.067,0.067,0.067,0.066,0.062,0.061,0.065,0.064
Pacific Century,0.365,0.36,0.36,0.36,0.365,0.365,0.365,0.360,0.355,0.340,0.350
Trendlines,0.086,0.088,0.084,0.083,0.084,0.084,0.082,0.083,0.079,0.077,0.077
Raffles Edu,0.092,0.09,0.086,0.085,0.093,0.092,0.089,0.090,0.090,0.085,0.083
Hotel Royal,3.14,3.16,3.16,3.27,3.31,3.31,3.200,3.200,3.180,3.140,3.180
Stamford Land,0.495,0.495,0.495,0.495,0.495,0.49,0.485,0.485,0.485,0.460,0.480
MSC,0.305,0.305,0.305,0.305,0.305,0.32,0.310,0.310,0.310,0.285,0.295
Starburst,0.395,0.4,0.4,0.4,0.4,0.4,0.400,0.395,0.390,0.390,0.385
Ntegrator Intl,0.007,0.007,0.007,0.007,0.007,0.007,0.007,0.007,0.007,0.006,0.006
MarcoPolo Marine,0.017,0.016,0.017,0.017,0.017,0.017,0.016,0.017,0.016,0.017,0.017
CEI,0.96,0.98,0.995,0.97,0.985,0.99,0.900,0.925,0.920,0.935,0.965
Serial System,0.094,0.093,0.092,0.093,0.091,0.092,0.090,0.080,0.083,0.083,0.080
World Precision,0.141,0.141,0.141,0.145,0.145,0.149,0.157,0.142,0.135,0.140,0.145
AsiaPhos,0.008,0.008,0.008,0.008,0.008,0.008,0.009,0.007,0.006,0.008,0.007
China Jinjiang,0.58,0.585,0.585,0.585,0.585,0.59,0.550,0.590,0.575,0.600,0.600
King Wan,0.104,0.104,0.115,0.115,0.115,0.11,0.114,0.107,0.120,0.109,0.114
Allied Tech,0.01,0.011,0.011,0.011,0.011,0.011,0.011,0.011,0.011,0.011,0.011
Darco Water Tech,0.395,0.405,0.39,0.39,0.39,0.41,0.410,0.410,0.410,0.410,0.310
KimHeng Offshore,0.054,0.055,0.06,0.07,0.065,0.07,0.062,0.057,0.053,0.055,0.055
MindChamps,0.675,0.675,0.675,0.665,0.69,0.685,0.680,0.665,0.645,0.645,0.620
ETC Singapore,0.022,0.023,0.023,0.023,0.023,0.022,0.021,0.019,0.019,0.019,0.017
Acromec,0.08,0.08,0.08,0.08,0.08,0.08,0.082,0.085,0.097,0.099,0.093
Straco,0.79,0.81,0.795,0.8,0.79,0.8,0.760,0.775,0.760,0.735,0.750
Second Chance,0.24,0.24,0.24,0.24,0.24,0.245,0.240,0.240,0.240,0.240,0.250
Sitra,0.009,0.009,0.009,0.009,0.009,0.009,0.008,0.008,0.008,0.008,0.008
GCCP,0.007,0.006,0.006,0.006,0.008,0.006,0.008,0.010,0.024,0.005,0.008
Dyna-Mac,0.112,0.108,0.105,0.108,0.108,0.104,0.104,0.106,0.106,0.107,0.109
Fuji Offset,0.27,0.27,0.27,0.27,0.27,0.27,0.270,0.270,0.270,0.270,0.250
UG Healthcare,0.17,0.17,0.17,0.194,0.18,0.18,0.183,0.183,0.188,0.184,0.171
Tiong Seng,0.245,0.245,0.24,0.24,0.245,0.235,0.240,0.220,0.220,0.230,0.225
Advanced,0.15,0.158,0.158,0.158,0.158,0.157,0.153,0.153,0.153,0.102,0.122
Starland,0.16,0.15,0.16,0.15,0.15,0.15,0.160,0.160,0.160,0.160,0.103
OKH Global,0.024,0.024,0.022,0.022,0.022,0.021,0.023,0.020,0.020,0.015,0.017
ASL Marine,0.054,0.055,0.054,0.054,0.054,0.063,0.067,0.046,0.058,0.055,0.053
Koh Eco,0.037,0.037,0.037,0.041,0.041,0.043,0.042,0.042,0.042,0.041,0.042
SLB Dev,0.148,0.148,0.149,0.149,0.149,0.149,0.149,0.140,0.140,0.138,0.145
Union Steel,0.435,0.49,0.4,0.4,0.4,0.32,0.350,0.350,0.320,0.320,0.300
Global Inv,0.135,0.135,0.135,0.137,0.135,0.136,0.130,0.131,0.131,0.132,0.135
CSC,0.019,0.019,0.019,0.02,0.02,0.019,0.018,0.020,0.018,0.018,0.020
Bund Center,0.585,0.59,0.585,0.585,0.57,0.595,0.550,0.550,0.545,0.545,0.555
Choo Chiang,0.28,0.29,0.29,0.29,0.29,0.29,0.290,0.290,0.290,0.290,0.290
Advancer Global,0.18,0.18,0.175,0.175,0.175,0.175,0.160,0.170,0.170,0.170,0.170
Ban Leong,0.24,0.24,0.24,0.24,0.24,0.24,0.240,0.245,0.245,0.250,0.250
LY Corp,0.23,0.23,0.23,0.23,0.23,0.23,0.225,0.230,0.210,0.210,0.199
Polaris,0.002,0.002,0.002,0.003,0.002,0.002,0.003,0.003,0.002,0.002,0.002
Maxi-Cash Fin,0.13,0.13,0.134,0.134,0.134,0.134,0.135,0.133,0.128,0.124,0.130
SEVAK,3.55,3.59,3.55,3.53,3.4,3.4,3.150,3.190,3.300,3.150,2.970
Hotung Inv,1.68,1.69,1.7,1.7,1.7,1.7,1.690,1.770,1.720,1.550,1.600
AVJennings A$,0.515,0.515,0.515,0.515,0.52,0.52,0.535,0.530,0.470,0.575,0.540
Thakral,0.46,0.46,0.46,0.55,0.515,0.49,0.455,0.520,0.520,0.520,0.490
MYP,0.119,0.12,0.12,0.12,0.12,0.12,0.120,0.120,0.120,0.101,0.110
The Place Hldg,0.031,0.031,0.031,0.032,0.026,0.031,0.032,0.031,0.029,0.027,0.027
Intl Cement,0.04,0.033,0.04,0.041,0.04,0.04,0.035,0.032,0.042,0.040,0.034
Debao Property,0.089,0.078,0.078,0.078,0.1,0.09,0.090,0.075,0.075,0.085,0.088
Bumitama Agri,0.72,0.725,0.72,0.72,0.715,0.715,0.695,0.695,0.685,0.660,0.630
Parkson Retail,0.015,0.016,0.016,0.016,0.016,0.017,0.015,0.017,0.017,0.011,0.026
AA,0.016,0.017,0.016,0.016,0.017,0.016,0.016,0.015,0.010,0.008,0.010
TeleChoice Intl,0.225,0.22,0.22,0.23,0.23,0.23,0.230,0.215,0.205,0.220,0.210
Amplefield Ltd,0.023,0.024,0.024,0.024,0.022,0.021,0.019,0.016,0.016,0.017,0.017
Gallant Venture,0.129,0.13,0.13,0.128,0.128,0.128,0.127,0.132,0.129,0.128,0.122
Trek 2000 Intl,0.095,0.102,0.102,0.102,0.093,0.09,0.091,0.090,0.088,0.082,0.083
Jasper Inv,0.007,0.007,0.006,0.006,0.006,0.006,0.006,0.007,0.005,0.005,0.004
LifeBrandz,0.003,0.007,0.006,0.008,0.007,0.006,0.004,0.010,0.007,0.005,0.004
CPH,0.008,0.007,0.007,0.008,0.008,0.008,0.006,0.005,0.006,0.004,0.004
KLW,0.003,0.004,0.004,0.003,0.004,0.004,0.004,0.003,0.003,0.003,0.002
Arion Ent,0.007,0.007,0.007,0.007,0.007,0.007,0.007,0.009,0.009,0.007,0.009
P5 Capital,0.003,0.006,0.005,0.006,0.006,0.004,0.012,0.006,0.005,0.003,0.015
New Wave,0.006,0.006,0.006,0.008,0.006,0.006,0.006,0.008,0.007,0.006,0.006
Swee Hong,0.004,0.004,0.003,0.003,0.003,0.002,0.003,0.003,0.003,0.003,0.003
Vashion,0.003,0.001,0.002,0.001,0.002,0.002,0.001,0.003,0.002,0.002,0.001
Rich Capital,0.003,0.002,0.002,0.003,0.003,0.003,0.002,0.004,0.003,0.003,0.003
Accrelist,0.004,0.003,0.004,0.003,0.004,0.004,0.004,0.004,0.002,0.003,0.002
CWX Global,0.003,0.003,0.002,0.003,0.003,0.003,0.002,0.003,0.003,0.003,0.002
Blumont,0.003,0.002,0.002,0.003,0.003,0.002,0.003,0.003,0.003,0.002,0.002
ISR Capital,0.003,0.003,0.003,0.003,0.003,0.002,0.003,0.003,0.002,0.003,0.003
MDR,0.001,0.001,0.001,0.001,0.002,0.001,0.002,0.001,0.002,0.001,0.001
Jawala,0.178,0.24,0.24,0.21,0.21,0.21,0.210,0.210,0.210,0.210,0.210
ICP Ltd,0.008,0.009,0.009,0.008,0.008,0.008,0.009,0.008,0.010,0.008,0.007
Top Glove,1.51,1.57,1.6,1.6,1.6,1.58,1.580,1.630,1.650,1.650,1.600
Metech Intl,0.1,0.1,0.098,0.098,0.098,0.098,0.118,0.110,0.110,0.114,0.106
XMH,0.163,0.163,0.17,0.17,0.17,0.21,0.170,0.180,0.163,0.153,0.155
AnAn Intl,0.004,0.005,0.005,0.005,0.005,0.005,0.005,0.003,0.003,0.004,0.004
Ossia Intl,0.102,0.104,0.13,0.13,0.13,0.1,0.118,0.115,0.091,0.098,0.100
Citicode,0.001,0.001,0.001,0.001,0.001,0.001,0.001,0.001,0.001,0.001,0.001
MM2 Asia,0.275,0.27,0.275,0.28,0.275,0.275,0.260,0.245,0.240,0.245,0.230
ABR,0.82,0.82,0.82,0.82,0.8,0.8,0.750,0.800,0.800,0.800,0.730
Tung Lok Rest,0.165,0.165,0.165,0.165,0.165,0.165,0.164,0.164,0.160,0.160,0.150
Abundance Intl,0.021,0.021,0.021,0.021,0.021,0.021,0.021,0.021,0.010,0.032,0.010
Noel Gifts Intl,0.19,0.19,0.19,0.19,0.19,0.205,0.215,0.215,0.215,0.215,0.190
Medtecs Intl,0.026,0.026,0.026,0.026,0.026,0.029,0.028,0.025,0.025,0.025,0.027
Viking Offshore,0.005,0.004,0.004,0.005,0.005,0.004,0.004,0.005,0.003,0.004,0.004
Colex,0.255,0.255,0.26,0.26,0.265,0.265,0.255,0.255,0.255,0.250,0.250
Vicplas Intl,0.078,0.078,0.078,0.078,0.078,0.078,0.084,0.086,0.088,0.071,0.077
Transit Concrete,0.132,0.132,0.132,0.132,0.133,0.133,0.139,0.159,0.159,0.159,0.135
IP Softcom,0.008,0.008,0.008,0.008,0.008,0.008,0.007,0.006,0.005,0.005,0.009
Challenger,0.57,0.565,0.565,0.565,0.565,0.565,0.565,0.550,0.550,0.550,0.530
KS Energy,0.019,0.019,0.019,0.018,0.018,0.018,0.018,0.018,0.016,0.016,0.015
Oceanus,0.004,0.003,0.003,0.004,0.003,0.003,0.004,0.004,0.003,0.003,0.003
Santak,0.093,0.093,0.093,0.093,0.093,0.093,0.093,0.093,0.093,0.093,0.095
Sunrise Shares,0.037,0.037,0.037,0.037,0.037,0.037,0.037,0.037,0.037,0.028,0.026
Progen,0.05,0.05,0.05,0.041,0.041,0.041,0.041,0.041,0.041,0.044,0.045
OEL,0.006,0.005,0.006,0.006,0.007,0.007,0.005,0.006,0.006,0.004,0.005
China Real Estate,0.002,0.002,0.001,0.001,0.002,0.002,0.002,0.002,0.002,0.002,0.002
Renaissance United,0.002,0.002,0.001,0.002,0.002,0.002,0.001,0.001,0.002,0.002,0.002
Advanced Systems,0.001,0.001,0.001,0.001,0.001,0.001,0.001,0.001,0.001,0.001,0.001
Magnus Energy,0.001,0.001,0.001,0.001,0.001,0.001,0.001,0.001,0.001,0.001,0.001
NGSC,0.001,0.001,0.001,0.001,0.001,0.002,0.002,0.002,0.002,0.002,0.002
SinoCloud,0.001,0.001,0.001,0.001,0.001,0.001,0.002,0.001,0.001,0.001,0.001
3Cnergy,0.009,0.009,0.009,0.009,0.009,0.009,0.008,0.008,0.006,0.006,0.006
AsiaMedic,0.017,0.017,0.017,0.017,0.017,0.017,0.013,0.013,0.013,0.010,0.011
Hiap Seng,0.064,0.055,0.056,0.064,0.06,0.07,0.082,0.082,0.082,0.082,0.082
Ace Achieve Info,0.008,0.008,0.008,0.008,0.008,0.008,0.008,0.008,0.008,0.008,0.008
Acesian Partners,0.016,0.016,0.016,0.016,0.016,0.016,0.016,0.016,0.016,0.016,0.016
Acma,0.181,0.197,0.19,0.19,0.194,0.194,0.193,0.192,0.191,0.185,0.184
Addvalue Tech,0.025,0.024,0.023,0.023,0.023,0.024,0.021,0.022,0.021,0.022,0.022
Adventus,0.004,0.004,0.004,0.004,0.004,0.005,0.004,0.004,0.004,0.003,0.004
AEI,0.645,0.645,0.645,0.645,0.645,0.645,0.645,0.680,0.680,0.675,0.610
AGV,0.016,0.016,0.02,0.02,0.02,0.02,0.018,0.016,0.016,0.011,0.011
AIMS Property,1.65,1.65,1.65,1.65,1.65,1.65,1.650,1.650,1.650,1.650,1.390
AliPictures HKD,1.44,1.5,1.59,1.59,1.59,1.59,1.590,1.610,1.540,1.540,1.650
Amara,0.495,0.495,0.495,0.5,0.5,0.5,0.495,0.485,0.480,0.455,0.470
Anchun Intl,0.195,0.19,0.19,0.19,0.19,0.19,0.190,0.195,0.195,0.191,0.190
AnnAik,0.08,0.08,0.08,0.08,0.08,0.08,0.080,0.080,0.080,0.080,0.080
Annica,0.001,0.001,0.001,0.001,0.001,0.001,0.001,0.001,0.001,0.001,0.001
AP Oil,0.21,0.21,0.21,0.21,0.21,0.21,0.205,0.200,0.199,0.190,0.195
Asia Enterprises,0.156,0.159,0.156,0.156,0.156,0.156,0.155,0.140,0.150,0.141,0.154
Asia Fashion,0.064,0.064,0.064,0.064,0.064,0.064,0.064,0.064,0.064,0.064,0.064
Asia Vets,0.17,0.184,0.184,0.184,0.184,0.184,0.180,0.180,0.180,0.180,0.180
Asian Micro,0.006,0.006,0.006,0.006,0.006,0.006,0.005,0.005,0.005,0.005,0.004
Global Dragon,0.06,0.06,0.06,0.06,0.06,0.06,0.060,0.060,0.067,0.064,0.069
HMI,0.545,0.545,0.545,0.545,0.545,0.535,0.545,0.540,0.560,0.600,0.655
GKE,0.057,0.063,0.063,0.065,0.076,0.076,0.067,0.065,0.069,0.064,0.059
Pavillon,0.025,0.025,0.019,0.028,0.028,0.028,0.024,0.024,0.024,0.024,0.020
Hyflux,0.21,0.21,0.21,0.21,0.21,0.21,0.210,0.210,0.210,0.210,0.210
8Telecom,0.054,0.053,0.043,0.043,0.045,0.04,0.035,0.027,0.032,0.030,0.026
A-Sonic Aero,0.215,0.215,0.21,0.21,0.21,0.21,0.210,0.235,0.220,0.210,0.191
Abterra,0.045,0.045,0.045,0.045,0.045,0.045,0.045,0.045,0.045,0.045,0.045
Azeus,0.4,0.4,0.4,0.4,0.4,0.4,0.400,0.400,0.400,0.705,0.675
B&M Hldg,3.5,3.5,3.5,3.5,3.5,3.5,3.500,3.500,3.500,3.500,3.500
Baker Technology,0.47,0.47,0.48,0.495,0.525,0.535,0.485,0.480,0.460,0.455,0.430
BBR,0.17,0.17,0.17,0.17,0.172,0.172,0.172,0.165,0.174,0.171,0.173
Beng Kuang,0.055,0.055,0.055,0.055,0.055,0.055,0.039,0.067,0.046,0.046,0.035
Berlian LajuTank,0.027,0.027,0.027,0.027,0.027,0.027,0.027,0.027,0.027,0.027,0.027
BH Global,0.08,0.08,0.08,0.08,0.08,0.08,0.075,0.071,0.080,0.080,0.068
BlackGoldNatural,0.013,0.013,0.012,0.012,0.012,0.012,0.011,0.011,0.011,0.011,0.016
BMM,0.008,0.008,0.008,0.009,0.009,0.009,0.007,0.007,0.008,0.008,0.007
Boardroom,0.75,0.75,0.77,0.77,0.77,0.77,0.770,0.880,0.880,0.880,0.880
Boldtek,0.105,0.105,0.105,0.105,0.105,0.105,0.105,0.105,0.105,0.110,0.110
Bonvests,1.3,1.27,1.27,1.3,1.3,1.3,1.290,1.290,1.280,1.280,1.280
Broadway Ind,0.051,0.051,0.057,0.051,0.053,0.052,0.048,0.046,0.055,0.056,0.042
Brook Crompton,0.73,0.705,0.705,0.705,0.71,0.795,0.800,0.695,0.730,0.795,0.700
C&G Env Protect,0.01,0.01,0.01,0.01,0.01,0.01,0.010,0.010,0.010,0.010,0.010
Cacola,0.001,0.001,0.001,0.001,0.001,0.001,0.001,0.001,0.001,0.001,0.001
Asiatic,0.007,0.007,0.008,0.008,0.007,0.007,0.007,0.007,0.007,0.004,0.004
Asiatravel.com,0.027,0.027,0.027,0.027,0.027,0.027,0.027,0.027,0.027,0.027,0.027
Aspen,0.146,0.146,0.14,0.144,0.144,0.146,0.143,0.143,0.143,0.143,0.143
Aspial,0.178,0.178,0.177,0.177,0.18,0.18,0.173,0.174,0.172,0.170,0.187
Astaka,0.088,0.088,0.088,0.088,0.088,0.088,0.088,0.088,0.088,0.088,0.088
Atlantic Nav,0.1,0.1,0.1,0.1,0.1,0.1,0.100,0.100,0.100,0.100,0.100
Attilan,0.002,0.002,0.002,0.002,0.002,0.002,0.002,0.002,0.002,0.002,0.002
Axcelasia,0.065,0.065,0.065,0.065,0.065,0.065,0.065,0.065,0.065,0.065,0.065
Ayondo,0.048,0.048,0.048,0.048,0.048,0.048,0.048,0.048,0.048,0.048,0.048
China Env Res,0.011,0.011,0.012,0.012,0.012,0.012,0.012,0.012,0.012,0.004,0.014
China Essence,0.014,0.014,0.014,0.014,0.014,0.014,0.014,0.014,0.014,0.014,0.014
China Fishery,0.076,0.076,0.076,0.076,0.076,0.076,0.076,0.076,0.076,0.076,0.076
China Gaoxian,0.003,0.003,0.003,0.003,0.003,0.003,0.003,0.003,0.003,0.003,0.003
China Great Land,0.005,0.005,0.005,0.005,0.005,0.005,0.005,0.005,0.005,0.005,0.005
China Haida,0.011,0.011,0.011,0.011,0.011,0.011,0.011,0.006,0.006,0.007,0.007
China Hongxing,0.115,0.115,0.115,0.115,0.115,0.115,0.115,0.115,0.115,0.115,0.115
China Intl,0.55,0.55,0.55,0.595,0.595,0.595,0.595,0.450,0.450,0.440,0.440
China Jishan,0.11,0.11,0.11,0.11,0.11,0.11,0.110,0.110,0.110,0.100,0.106
China Mining,0.15,0.16,0.17,0.17,0.17,0.18,0.200,0.200,0.150,0.075,0.092
China Paper,0.024,0.024,0.024,0.024,0.024,0.024,0.024,0.024,0.024,0.024,0.024
China Sky Chem,0.027,0.027,0.027,0.027,0.027,0.027,0.027,0.027,0.027,0.027,0.027
China Sports,0.011,0.011,0.011,0.011,0.011,0.011,0.011,0.011,0.011,0.011,0.011
China Taisan,0.028,0.028,0.028,0.028,0.028,0.028,0.028,0.028,0.028,0.028,0.028
China Yuanbang,0.31,0.31,0.28,0.285,0.285,0.3,0.310,0.395,0.395,0.395,0.370
ChinaKangdaFood,0.17,0.17,0.17,0.17,0.17,0.17,0.170,0.170,0.170,0.170,0.170
Camsing Hc,1.07,1.07,1.07,1.07,1.07,1.07,1.070,1.070,1.070,1.070,1.070
Casa,0.074,0.074,0.074,0.075,0.075,0.075,0.068,0.068,0.055,0.057,0.065
CDW,0.178,0.175,0.175,0.174,0.176,0.176,0.174,0.174,0.174,0.180,0.190
CFM,0.016,0.016,0.016,0.016,0.016,0.016,0.016,0.016,0.016,0.016,0.016
CH Offshore,0.08,0.08,0.08,0.08,0.085,0.085,0.085,0.085,0.080,0.090,0.080
Charisma Energy,0.002,0.002,0.002,0.002,0.002,0.002,0.002,0.002,0.002,0.002,0.002
ChasWood Res,0.009,0.009,0.009,0.009,0.009,0.009,0.009,0.009,0.009,0.009,0.009
Chemical Ind,0.76,0.76,0.76,0.77,0.77,0.77,0.710,0.705,0.705,0.710,0.725
Cheung Woh,0.12,0.12,0.12,0.11,0.12,0.114,0.115,0.122,0.122,0.122,0.125
China Env,0.037,0.037,0.037,0.037,0.037,0.037,0.037,0.037,0.037,0.037,0.037
DeClout,0.129,,,,,,,,,,
Del Monte Pac,0.136,0.136,0.139,0.137,0.136,0.136,0.130,0.129,0.130,0.119,0.151
Delfi,1.38,1.33,1.33,1.35,1.4,1.35,1.390,1.260,1.270,1.320,1.300
Delong,5.6,5.6,5.6,5.54,5.82,6.11,5.700,5.890,5.900,5.910,5.900
Design Studio,0.13,0.145,0.145,0.139,0.139,0.139,0.130,0.106,0.103,0.102,0.130
DLF,0.198,0.198,0.198,0.198,0.198,0.198,0.198,0.190,0.190,0.190,0.190
Dragon,0.004,0.004,0.004,0.004,0.004,0.004,0.004,0.004,0.004,0.004,0.004
Dukang,0.16,0.16,0.16,0.16,0.16,0.16,0.130,0.130,0.130,0.108,0.100
Dutech,0.25,0.25,0.23,0.23,0.245,0.245,0.250,0.245,0.225,0.230,0.250
Dynamic Colours,0.17,0.17,0.17,0.17,0.17,0.17,0.180,0.180,0.180,0.150,0.162
EcoWise,0.028,0.028,0.024,0.025,0.028,0.028,0.028,0.027,0.027,0.028,0.027
Edition,0.007,0.007,0.007,0.007,0.004,0.004,0.006,0.006,0.004,0.006,0.005
Eindec,0.025,0.025,0.025,0.025,0.025,0.025,0.025,0.025,0.025,0.025,0.025
Elec & Eltek USD,1.4,1.4,1.4,1.39,1.39,1.38,1.380,1.330,1.330,1.290,1.380
Ellipsiz,0.43,0.425,0.43,0.42,0.42,0.415,0.390,0.395,0.395,0.385,0.405
EMAS Offshore,0.05,0.05,0.05,0.05,0.05,0.05,0.050,0.050,0.050,0.050,0.050
ChinaKundaTech,0.009,0.009,0.008,0.008,0.008,0.007,0.007,0.007,0.007,0.009,0.009
Chinese Global,0.01,0.01,0.01,0.01,0.01,0.01,0.010,0.010,0.010,0.010,0.010
Civmec,0.375,0.37,0.365,0.365,0.375,0.36,0.355,0.355,0.310,0.325,0.330
CNA,0.026,0.026,0.026,0.026,0.026,0.026,0.026,0.026,0.026,0.026,0.026
Combine Will,1.06,1.06,1.06,1.02,1.02,1.02,1.050,1.020,1.000,1.000,1.060
Cordlife,0.41,0.405,0.415,0.395,0.41,0.41,0.460,0.470,0.470,0.480,0.495
Cortina,1.38,1.38,1.38,1.38,1.38,1.38,1.380,1.380,1.190,1.520,1.480
CosmoSteel,0.05,0.05,0.05,0.05,0.05,0.052,0.053,0.051,0.078,0.091,0.085
Courage Inv,0.05,0.05,0.05,0.035,0.035,0.035,0.035,0.035,0.039,0.050,0.037
Courts Asia,0.2,0.2,0.2,0.2,0.2,0.2,,,,,
Far East,0.145,0.145,0.145,0.145,0.145,0.145,0.148,0.120,0.088,0.140,0.146
Federal Int,0.205,0.205,0.205,0.205,0.205,0.2,0.198,0.198,0.199,0.200,0.199
First Sponsor,1.28,1.28,1.27,1.28,1.28,1.28,1.200,1.190,1.200,1.230,1.330
Food Empire,0.555,0.55,0.55,0.55,0.545,0.545,0.525,0.520,0.520,0.500,0.500
Foreland FabriT,0.009,0.009,0.009,0.009,0.009,0.009,0.009,0.009,0.009,0.009,0.009
Forise Intl,0.003,0.003,0.003,0.003,0.003,0.003,0.002,0.002,0.002,0.002,0.002
Fujian Zhenyun,0.149,0.149,0.149,0.149,0.149,0.149,0.149,0.149,0.149,0.149,0.149
Full Apex,0.405,0.405,0.405,0.405,0.405,0.405,0.405,0.405,0.405,0.405,0.405
Fuxing China,0.78,0.78,0.78,0.78,0.78,0.78,0.780,0.780,0.780,0.780,0.780
G K Goh,0.87,0.9,0.88,0.87,0.87,0.85,0.890,0.855,0.850,0.835,0.850
GDS Global,0.24,0.24,0.24,0.24,0.24,0.24,0.240,0.240,0.240,0.240,0.240
Global Palm Res,0.21,0.21,0.22,0.22,0.22,0.22,0.220,0.220,0.220,0.205,0.205
Global Testing,0.705,0.705,0.705,0.705,0.7,0.705,0.700,0.680,0.650,0.650,0.620
Golden Energy,0.22,0.21,0.215,0.225,0.235,0.235,0.230,0.215,0.199,0.191,0.215
Goodland,0.21,0.21,0.21,0.21,0.21,0.21,0.210,0.210,0.225,0.225,0.200
Grand Banks,0.295,0.295,0.275,0.27,0.275,0.275,0.280,0.255,0.270,0.275,0.270
EMS Energy,0.022,0.022,0.022,0.022,0.022,0.022,0.022,0.022,0.022,0.022,0.022
Envictus,0.138,0.136,0.136,0.136,0.136,0.136,0.144,0.142,0.134,0.158,0.136
Enviro-Hub,0.035,0.035,0.035,0.035,0.035,0.03,0.026,0.025,0.028,0.024,0.024
Epicentre,0.098,0.096,0.096,0.096,0.099,0.099,0.104,0.104,0.038,0.018,0.018
ES,0.025,0.025,0.025,0.025,0.025,0.025,0.025,0.025,0.025,0.038,0.038
EuroSports Gbl,0.2,0.2,0.2,0.2,0.17,0.19,0.180,0.195,0.195,0.195,0.195
Ezion,0.043,0.043,0.043,0.043,0.043,0.043,0.043,0.043,0.043,0.043,0.043
Ezra,0.011,0.011,0.011,0.011,0.011,0.011,0.011,0.011,0.011,0.011,0.011
Fabchem China,0.159,0.159,0.159,0.159,0.159,0.159,0.158,0.158,0.158,0.158,0.150
Falcon Energy,0.027,0.027,0.027,0.027,0.027,0.027,0.027,0.027,0.027,0.027,0.027
Hengyang Petro,0.199,0.199,0.199,0.199,0.199,0.199,0.199,0.199,0.199,0.199,0.199
Hiap Tong,0.067,0.067,0.067,0.067,0.064,0.064,0.063,0.064,0.064,0.068,0.085
HL Global Ent,0.395,0.395,0.395,0.395,0.395,0.395,0.350,0.355,0.355,0.400,0.360
Hock Lian Seng,0.375,0.37,0.36,0.36,0.36,0.365,0.345,0.360,0.335,0.325,0.325
Hoe Leong,0.004,0.004,0.004,0.004,0.004,0.004,0.004,0.004,0.004,0.003,0.003
Hor Kew,0.18,0.18,0.175,0.175,0.175,0.175,0.175,0.175,0.171,0.162,0.150
Hosen,0.035,0.035,0.033,0.033,0.033,0.033,0.033,0.035,0.035,0.035,0.040
HPL,3.88,3.88,3.87,3.88,3.85,3.9,3.800,3.800,3.710,3.720,3.700
Hu An Cable,0.009,0.009,0.009,0.009,0.009,0.009,0.009,0.009,0.009,0.009,0.009
HuanHsin,0.014,0.014,0.014,0.014,0.014,0.014,0.014,0.014,0.014,0.014,0.014
Huationg Global,0.145,0.145,0.145,0.145,0.145,0.145,0.145,0.145,0.145,0.160,0.145
Hyphens Pharma,0.21,0.215,0.215,0.215,0.21,0.205,0.210,0.200,0.198,0.194,0.196
IFS Capital,0.215,0.215,0.215,0.21,0.21,0.215,0.215,0.205,0.205,0.200,0.215
Inch Kenneth,﹣,﹣,﹣,﹣,﹣,﹣,﹣,﹣,﹣,﹣,﹣
Informatics,0.04,0.04,0.038,0.043,0.043,0.037,0.045,0.045,0.042,0.033,0.027
Grand Venture,0.235,0.235,0.235,0.23,0.23,0.23,0.225,0.230,0.225,0.210,0.220
Green Build,0.11,0.11,0.11,0.11,0.11,0.11,0.110,0.110,0.110,0.110,0.110
GS Hldg,0.24,0.24,0.24,0.255,0.23,0.23,0.230,0.230,0.200,0.230,0.250
GSH,0.285,0.285,0.285,0.28,0.28,0.28,0.285,0.280,0.275,0.380,0.430
Guoan Intl,0.015,0.015,0.015,0.015,0.015,0.015,0.015,0.014,0.015,0.015,0.015
GYP Properties,0.165,0.165,0.16,0.16,0.153,0.15,0.158,0.158,0.154,0.135,0.135
Hafary,0.165,0.165,0.165,0.165,0.165,0.165,0.165,0.176,0.174,0.165,0.146
Hai Leck,0.53,0.54,0.54,0.54,0.54,0.54,0.530,0.525,0.525,0.525,0.505
Heatec Jietong,0.03,0.03,0.03,0.03,0.027,0.027,0.039,0.039,0.039,0.039,0.039
Heeton,0.48,0.48,0.47,0.47,0.48,0.48,0.475,0.470,0.465,0.450,0.440
Joyas Intl,0.002,0.002,0.002,0.002,0.002,0.002,0.002,0.002,0.002,0.002,0.002
Katrina,0.175,0.175,0.17,0.17,0.175,0.175,0.205,0.194,0.194,0.184,0.165
Kencana Agri,0.09,0.09,0.09,0.09,0.09,0.095,0.120,0.140,0.160,0.140,0.150
Keong Hong,0.49,0.49,0.49,0.49,0.49,0.49,0.490,0.470,0.490,0.475,0.470
Keppel T&T,1.91,1.91,1.91,1.91,1.91,1.91,,,,,
Khong Guan,2,2,2,2,2,2,2.000,1.980,1.980,1.980,2.000
Kitchen Culture,0.106,0.106,0.106,0.106,0.106,0.106,0.106,0.106,0.106,0.106,0.106
Koda,0.68,0.68,0.68,0.68,0.68,0.68,0.660,0.640,0.615,0.655,0.610
Koon,0.026,0.026,0.026,0.026,0.026,0.026,0.023,0.023,0.023,0.014,0.024
KOP,0.053,0.053,0.053,0.053,0.053,0.053,0.052,0.057,0.054,0.048,0.053
Kori,0.305,0.305,0.305,0.305,0.305,0.305,0.305,0.305,0.305,0.300,0.300
Koyo Intl,0.077,0.077,0.077,0.077,0.077,0.07,0.070,0.070,0.067,0.065,0.065
KTL Global,0.04,0.04,0.04,0.04,0.04,0.04,0.052,0.061,0.066,0.056,0.041
KTMG,0.4,0.4,0.4,0.4,0.4,0.4,0.400,0.220,0.220,0.205,0.200
Lafe,0.22,0.22,0.22,0.22,0.22,0.22,0.230,0.230,0.230,0.380,0.480
InnoPac,0.002,0.002,0.002,0.002,0.002,0.002,0.002,0.002,0.002,0.002,0.002
Intraco,0.265,0.265,0.265,0.265,0.265,0.265,0.260,0.250,0.250,0.245,0.245
IPS Securex,0.046,0.046,0.046,0.046,0.046,0.046,0.046,0.046,0.046,0.046,0.046
Isetan,3.1,3.1,3.09,3.09,3.1,3.13,3.500,3.510,3.450,3.900,4.150
IX Biopharma,0.22,0.215,0.22,0.235,0.235,0.235,0.210,0.210,0.220,0.220,0.255
Jackspeed,0.15,0.12,0.12,0.12,0.12,0.148,0.146,0.146,0.146,0.128,0.138
Jadason,0.035,0.035,0.032,0.033,0.033,0.034,0.038,0.036,0.034,0.032,0.035
Japan Foods,0.51,0.51,0.51,0.51,0.51,0.51,0.430,0.465,0.440,0.430,0.480
Jason Marine,0.08,0.08,0.08,0.09,0.09,0.09,0.120,0.120,0.130,0.135,0.130
JasonHldg,0.062,0.062,0.062,0.062,0.062,0.062,0.062,0.062,0.062,,
JES Intl,0.026,0.026,0.026,0.026,0.026,0.026,0.026,0.026,0.026,0.026,0.026
Luzhou Bio-Chem,0.011,0.01,0.01,0.025,0.025,0.025,0.014,0.014,0.008,0.009,0.006
M Development,0.002,0.002,0.002,0.002,0.002,0.002,0.002,0.002,0.002,0.002,0.002
M1,2.05,2.05,,,,,,,,,
Manhattan Res,0.022,0.022,0.022,0.022,0.022,0.022,0.022,0.022,0.020,0.020,0.020
Maruwa Yen1k,﹣,﹣,﹣,﹣,﹣,﹣,﹣,﹣,﹣,﹣,﹣
Mary Chia,0.026,0.036,0.036,0.036,0.036,0.036,0.036,0.036,0.036,0.050,0.050
Matex Intl,0.014,0.014,0.011,0.012,0.012,0.014,0.014,0.015,0.012,0.012,0.012
Medinex,0.285,0.285,0.285,0.29,0.29,0.29,0.275,0.270,0.270,0.270,0.270
MegaChem,0.34,0.34,0.34,0.34,0.34,0.34,0.330,0.330,0.330,0.330,0.330
MeGroup,0.2,0.2,0.2,0.2,0.2,0.2,0.185,0.180,0.195,0.175,0.175
Memories,0.097,0.09,0.09,0.09,0.09,0.09,0.074,0.074,0.074,0.074,0.070
Memstar Tech,0.001,0.001,0.001,0.001,0.001,0.001,0.001,0.001,0.001,0.001,0.001
Memtech Intl,0.95,0.945,0.96,0.985,1.05,1.05,1.090,1.330,1.340,1.330,1.350
Mencast,0.089,0.087,0.08,0.08,0.099,0.099,0.103,0.101,0.096,0.085,0.089
Mercator Lines,0.019,0.019,0.019,0.019,0.019,0.019,0.019,0.019,0.019,0.019,0.019
Lasseters Intl,0.02,0.02,0.02,0.02,0.02,0.02,0.020,0.020,0.020,0.020,0.035
LCT,0.32,0.32,0.29,0.29,0.28,0.3,0.315,0.320,0.315,0.350,0.330
Leader Env,0.04,0.04,0.04,0.04,0.04,0.04,0.040,0.040,0.040,0.040,0.018
Ley Choon,0.014,0.014,0.013,0.015,0.015,0.015,0.012,0.015,0.013,0.014,0.012
LHN,0.165,0.165,0.165,0.165,0.165,0.165,0.160,0.150,0.146,0.140,0.160
Linc Energy,0.089,0.089,0.089,0.089,0.089,0.089,0.089,0.089,0.089,0.089,0.089
Lonza,79.97,79.97,79.97,79.97,79.97,79.97,79.970,79.970,79.970,79.970,79.970
Lorenzo Intl,0.016,0.016,0.016,0.016,0.016,0.016,0.016,0.016,0.016,0.016,0.016
Low Keng Huat,0.555,0.555,0.545,0.545,0.555,0.55,0.550,0.540,0.545,0.525,0.505
Lum Chang,0.355,0.35,0.35,0.35,0.355,0.355,0.345,0.345,0.335,0.335,0.340
Luxking,0.53,0.53,0.53,0.53,0.53,0.53,0.530,0.530,0.530,0.530,0.290
NauticAWT,0.028,0.028,0.028,0.028,0.028,0.028,0.028,0.026,0.026,0.026,0.023
Neo,0.47,0.47,0.47,0.47,0.47,0.47,0.470,0.470,0.440,0.445,0.550
Net Pacific Fin,0.018,0.018,0.018,0.018,0.018,0.018,0.019,0.019,0.026,0.026,0.019
New Toyo,0.225,0.23,0.23,0.23,0.23,0.225,0.225,0.210,0.200,0.205,0.200
No Signboard,0.082,0.084,0.084,0.084,0.077,0.085,0.080,0.075,0.065,0.059,0.056
Noble,0.081,0.081,0.081,0.081,0.081,0.081,0.081,0.081,0.081,0.081,0.081
Nomura Yen1k,1.99,1.99,1.99,1.99,1.99,1.99,1.990,1.990,1.990,1.990,1.990
Nordic,0.325,0.33,0.31,0.31,0.315,0.33,0.280,0.290,0.270,0.290,0.305
NSL,1.17,1.15,1.15,1.15,1.16,1.17,1.090,1.080,1.100,1.040,1.050
NutryFarm,0.22,0.2,0.186,0.186,0.186,0.185,0.162,0.162,0.162,0.162,0.136
Ocean Sky Intl,0.07,0.07,0.07,0.07,0.058,0.07,0.070,0.069,0.070,0.070,0.055
OKP,0.225,0.23,0.22,0.225,0.23,0.23,0.215,0.200,0.205,0.205,0.200
Old Chang Kee,0.795,0.795,0.78,0.78,0.79,0.78,0.770,0.780,0.795,0.770,0.775
Olive Tree,0.137,0.137,0.137,0.137,0.137,0.137,0.137,0.137,0.137,0.137,0.111
OneApex,0.22,0.22,0.22,0.22,0.22,0.22,0.190,0.190,0.190,0.160,0.156
Mercurius,0.028,0.028,0.028,0.028,0.028,0.028,0.027,0.027,0.030,0.035,0.039
Metal Component,0.026,0.026,0.026,0.026,0.026,0.027,0.017,0.017,0.017,0.026,0.027
Midas,0.192,0.192,0.192,0.192,0.192,0.192,0.192,0.192,0.192,0.192,0.192
MMP Resources,0.005,0.005,0.006,0.005,0.006,0.006,0.004,0.006,0.004,0.004,0.005
MoneyMax Fin,0.146,0.148,0.148,0.148,0.148,0.148,0.148,0.130,0.130,0.144,0.139
MS Hldgs,0.05,0.056,0.055,0.055,0.055,0.055,0.072,0.072,0.072,0.072,0.064
MSM Intl,0.1,0.1,0.1,0.1,0.1,0.1,0.100,0.100,0.100,0.100,0.040
MTQ,0.18,0.188,0.188,0.188,0.188,0.188,0.188,0.193,0.190,0.186,0.200
Mun Siong Engg,0.04,0.04,0.04,0.046,0.046,0.046,0.040,0.040,0.040,0.040,0.046
Murata Yen1k,﹣,﹣,﹣,﹣,﹣,﹣,﹣,﹣,﹣,﹣,﹣
Natural Cool,0.07,0.06,0.06,0.06,0.06,0.06,0.070,0.070,0.049,0.052,0.052
Plastoform,0.013,0.013,0.013,0.013,0.013,0.013,0.013,0.013,0.013,0.013,0.013
Plato Capital,0.05,0.05,0.05,0.05,0.05,0.05,0.050,0.047,0.045,0.045,0.060
PNE Industries,0.76,0.76,0.77,0.77,0.785,0.785,0.780,0.770,0.785,0.820,0.755
Pollux Prop,0.022,0.022,0.022,0.022,0.022,0.022,0.022,0.026,0.026,0.024,0.035
Powermatic Data,1.58,1.65,1.65,1.59,1.59,1.59,1.570,1.650,1.650,1.730,1.730
Prudential USD,22.5,22.5,22.5,22.5,22.5,22.5,22.500,22.500,22.500,22.250,21.000
PS Group,0.167,0.167,0.167,0.167,0.167,0.167,0.167,0.167,0.167,0.167,0.035
PSL,0.115,0.115,0.115,0.115,0.115,0.115,0.120,0.120,0.120,0.120,0.120
Qian Hu,0.148,0.148,0.148,0.148,0.148,0.148,0.148,0.148,0.160,0.131,0.150
Qingmei,0.013,0.013,0.013,0.013,0.013,0.013,0.013,0.013,0.013,0.013,0.013
Raffles Infrastructure,0.375,0.375,0.375,0.375,0.375,0.375,0.375,0.435,0.435,0.435,0.350
Raffles United,0.049,0.05,0.05,0.053,0.053,0.052,0.054,0.055,0.055,0.055,0.051
RE&S Hldg,0.187,0.187,0.187,0.187,0.187,0.187,0.200,0.190,0.185,0.185,0.180
Regal Intl,0.04,0.04,0.04,0.04,0.04,0.04,0.040,0.040,0.029,0.027,0.027
Oriental,0.114,0.114,0.114,0.114,0.114,0.114,0.114,,,,
Ouhua Energy,0.032,0.032,0.032,0.032,0.032,0.032,0.024,0.024,0.024,0.024,0.032
Pacific Andes,0.022,0.022,0.022,0.022,0.022,0.022,0.022,0.022,0.022,0.022,0.022
Pacific Radiance,0.104,0.104,0.104,0.104,0.104,0.104,0.104,0.104,0.104,0.104,0.104
Pacific Star Dev,0.08,0.09,0.1,0.109,0.11,0.11,0.110,0.098,0.123,0.150,0.160
Pan Asian,0.021,0.021,0.021,0.018,0.015,0.018,0.018,0.014,0.012,0.015,0.021
Pan Hong,0.089,0.089,0.08,0.08,0.08,0.08,0.074,0.068,0.061,0.076,0.080
Pan Ocean,5.45,5.45,5.45,5.45,5.45,5.45,5.600,5.600,5.600,5.600,5.400
PEC,0.625,0.61,0.605,0.605,0.605,0.61,0.615,0.600,0.580,0.580,0.595
Pharmesis Intl,0.4,0.4,0.4,0.28,0.28,0.28,0.205,0.205,0.205,0.205,0.205
Pine Cap,0.001,0.001,0.001,0.001,0.001,0.001,0.001,0.001,0.001,0.001,0.001
Sen Yue,0.018,0.014,0.014,0.013,0.013,0.018,0.015,0.015,0.015,0.015,0.021
Seroja Inv,0.041,0.041,0.041,0.041,0.041,0.044,0.041,0.040,0.040,0.032,0.032
Serrano,0.031,0.031,0.031,0.031,0.031,0.031,0.031,0.031,0.031,0.031,0.031
Shanghai Turbo,0.99,0.99,0.99,1,1,1,1.000,1.000,1.000,1.000,1.000
Shopper360,0.16,0.16,0.16,0.16,0.16,0.16,0.145,0.120,0.120,0.125,0.148
Silkroad Nickel,0.35,0.35,0.35,0.34,0.35,0.33,0.350,0.310,0.310,0.310,0.300
Sim Leisure,0.225,0.225,0.225,0.225,0.225,0.225,0.225,0.230,0.230,0.230,0.220
Sin Ghee Huat,0.225,0.23,0.23,0.23,0.23,0.23,0.225,0.230,0.220,0.220,0.215
Sin Heng Mach,0.31,0.285,0.285,0.285,0.285,0.285,0.270,0.260,0.260,0.350,0.360
SingMyanmar,0.15,0.15,0.15,0.15,0.15,0.15,0.139,0.144,0.144,0.131,0.125
Sinjia Land,0.009,0.009,0.01,0.01,0.01,0.01,0.010,0.010,0.010,0.007,0.016
Sino Techfibre,0.09,0.09,0.09,0.09,0.09,0.09,0.090,0.090,0.090,0.090,0.090
Sinopipe,0.13,0.13,0.13,0.13,0.13,0.13,0.130,0.130,0.130,0.130,0.130
SK Jewellery,0.092,0.09,0.091,0.091,0.091,0.091,0.090,0.099,0.095,0.095,0.095
Renewable Energy,0.022,0.022,0.022,0.022,0.022,0.022,0.022,0.022,0.022,0.022,0.022
Resources Prima,0.026,0.026,0.026,0.026,0.026,0.026,0.026,0.026,0.026,0.026,0.026
RH PetroGas,0.045,0.045,0.045,0.046,0.046,0.047,0.041,0.046,0.042,0.048,0.039
Roxy-Pacific,0.41,0.405,0.405,0.405,0.4,0.4,0.405,0.400,0.400,0.390,0.390
Ryobi Kiso,0.13,0.13,0.13,0.13,0.13,0.13,0.130,0.130,0.130,0.130,0.130
Samko Timber,0.026,0.022,0.022,0.022,0.022,0.022,0.023,0.023,0.023,0.021,0.020
SamuderaShipping,0.177,0.177,0.172,0.172,0.177,0.177,0.164,0.195,0.158,0.156,0.167
Samurai,0.945,0.95,0.94,0.935,0.935,0.935,0.920,0.915,0.910,0.910,0.885
San Teh,0.154,0.15,0.15,0.15,0.15,0.15,0.150,0.150,0.155,0.150,0.155
Sapphire,0.124,0.124,0.124,0.124,0.124,0.123,0.124,0.120,0.119,0.110,0.108
SBI Offshore,0.061,0.061,0.061,0.061,0.061,0.061,0.061,0.061,0.061,0.061,0.061
Secura,0.069,0.069,0.069,0.069,0.071,0.071,0.078,0.078,0.068,0.070,0.062
Sunright,0.42,0.42,0.42,0.41,0.405,0.405,0.405,0.415,0.375,0.400,0.370
Suntar Eco-City,0.12,0.12,0.15,0.15,0.15,0.15,0.150,0.150,0.100,0.105,0.195
SunVic Chemical,0.022,0.022,0.022,0.022,0.022,0.022,0.022,0.022,0.022,0.022,0.022
SUTL Enterprise,0.585,0.58,0.585,0.585,0.6,0.595,0.575,0.575,0.545,0.545,0.575
Swiber,0.109,0.109,0.109,0.109,0.109,0.109,0.109,0.109,0.109,0.109,0.109
Swing Media Tech,0.46,0.46,0.46,0.46,0.46,0.46,0.460,0.460,0.460,0.460,0.460
Swissco Hldg,0.052,0.052,0.052,0.052,0.052,0.052,0.052,0.052,0.052,0.052,0.052
Sysma,0.15,0.148,0.151,0.151,0.151,0.15,0.149,0.152,0.156,0.156,0.158
TA,0.215,0.215,0.215,0.215,0.215,0.23,0.220,0.215,0.215,0.215,0.215
Tech Oil & Gas,0.071,0.071,0.071,0.071,0.071,0.071,0.071,0.071,0.071,0.071,0.071
TEE Land,0.188,0.185,0.188,0.188,0.188,0.189,0.181,0.179,0.170,0.170,0.162
Teho Intl,0.028,0.028,0.028,0.028,0.028,0.028,0.028,0.028,0.028,0.033,0.034
TIH,0.28,0.28,0.295,0.29,0.29,0.265,0.290,0.265,0.265,0.270,0.275
TLV,0.085,0.085,0.085,0.085,0.085,0.085,0.084,0.085,0.085,0.084,0.080
SMJ Intl,0.082,0.082,0.082,0.082,0.082,0.082,,,,,
Soilbuild Const,0.084,0.084,0.084,0.084,0.081,0.081,0.080,0.080,0.075,0.067,0.069
Soon Lian,0.07,0.07,0.07,0.07,0.07,0.07,0.060,0.060,0.060,0.060,0.060
Soup Restaurant,0.18,0.17,0.17,0.17,0.17,0.17,0.185,0.185,0.169,0.176,0.167
Southern Pkg,0.38,0.38,0.38,0.38,0.38,0.38,0.380,0.380,0.380,0.380,0.380
SP Corp,0.64,0.64,0.52,0.52,0.52,0.52,0.525,0.520,0.530,0.600,0.550
Spura Finance,0.95,0.95,0.95,0.95,0.97,0.955,0.870,0.900,0.905,0.890,0.895
Sri Trang Agro,0.54,0.55,0.56,0.54,0.54,0.54,0.420,0.475,0.490,0.495,0.545
Stamford Tyres,0.27,0.265,0.265,0.265,0.265,0.265,0.260,0.255,0.270,0.270,0.265
Star Pharm,0.16,0.16,0.16,0.161,0.163,0.163,0.160,0.175,0.161,0.161,0.145
StratechGroup,0.066,0.066,0.066,0.066,0.066,0.066,0.066,0.066,0.066,0.066,0.066
SunMoonFood,0.03,0.032,0.032,0.032,0.029,0.029,0.030,0.029,0.028,0.019,0.020
UOL A,﹣,﹣,﹣,﹣,﹣,﹣,,,,,
USP Group,0.08,0.08,0.075,0.075,0.075,0.075,0.075,0.075,0.075,0.085,0.080
ValueMax,0.29,0.29,0.285,0.29,0.29,0.29,0.285,0.275,0.270,0.280,0.285
Versalink,0.135,0.135,0.135,0.135,0.114,0.114,0.112,0.112,0.112,0.112,0.088
Vibrant Group,0.138,0.137,0.137,0.139,0.137,0.137,0.128,0.126,0.129,0.138,0.143
VibroPower,0.12,0.12,0.12,0.12,0.125,0.125,0.120,0.120,0.120,0.122,0.110
Vividthree,0.165,0.174,0.169,0.169,0.167,0.167,0.156,0.160,0.163,0.180,0.170
Wee Hur,0.235,0.23,0.23,0.225,0.225,0.225,0.225,0.215,0.215,0.205,0.210
Willas-Array,0.58,0.58,0.58,0.58,0.58,0.58,0.600,0.530,0.530,0.630,0.610
Wilton Resources,0.033,0.034,0.034,0.03,0.03,0.026,0.029,0.026,0.026,0.023,0.030
Wong Fong Ind,0.2,0.2,0.2,0.2,0.2,0.2,0.170,0.170,0.170,0.170,0.142
World Class Gbl,0.18,0.18,0.19,0.19,0.19,0.18,0.189,0.180,0.150,0.150,0.180
Yamada Green Res,0.33,0.33,0.33,0.33,0.33,0.33,0.330,0.330,0.330,0.330,0.330
Yinda Infocomm,0.015,0.015,0.015,0.015,0.015,0.015,0.015,0.015,0.015,0.022,0.022
Top Global,0.18,0.175,0.175,0.175,0.175,0.175,0.184,0.184,0.185,0.185,0.180
Tosei,9.5,9.5,9.5,9.5,9.5,9.5,9.500,9.500,9.500,9.500,9.500
Transcorp,0.009,0.009,0.009,0.009,0.009,0.009,0.009,0.009,0.008,0.018,0.005
Travelite,0.164,0.164,0.114,0.114,0.114,0.114,0.114,0.113,0.113,0.113,0.113
Triyards,0.084,0.084,0.084,0.084,0.084,0.084,0.084,0.084,0.084,0.084,0.084
TSH,0.27,0.28,0.28,0.28,0.29,0.3,0.300,0.270,0.200,0.225,0.240
TT Intl,0.014,0.014,0.014,0.014,0.014,0.014,0.014,0.014,0.014,0.014,0.014
Tye Soon,0.14,0.15,0.15,0.15,0.135,0.135,0.136,0.136,0.136,0.114,0.129
United Food,0.131,0.123,0.12,0.15,0.15,0.15,0.110,0.110,0.110,0.080,0.075
United Global,0.49,0.49,0.49,0.49,0.49,0.49,0.490,0.490,0.490,0.490,0.490
Universal Res,0.17,0.17,0.17,0.17,0.17,0.17,0.170,0.170,0.170,0.170,0.170
UOA,0.64,0.64,0.64,0.64,0.64,0.64,0.635,0.645,0.610,0.675,0.690
Yongmao,0.295,0.33,0.33,0.33,0.33,0.33,0.360,0.360,0.340,0.690,0.715
Yorkshine,0.48,0.48,0.48,0.48,0.48,0.48,0.480,0.480,0.480,0.480,0.480
Yunnan Energy,0.096,0.096,0.096,0.096,0.096,0.096,0.096,0.096,0.096,0.096,0.096
YuuZoo Networks,0.038,0.038,0.038,0.038,0.038,0.038,0.038,0.038,0.038,0.038,0.038
YZJ Shipbldg RMB,5.28,5.28,5.28,5.28,5.28,5.28,5.280,5.280,5.280,,
Zhongxin Fruit,0.004,0.004,0.004,0.004,0.004,0.004,0.004,0.004,0.004,0.003,0.003
ZICO Hldgs,0.15,0.15,0.15,0.15,0.15,0.15,0.150,0.144,0.145,0.142,0.140
,,,,﹣,,,,,,,
,,,,,﹣,,,,,,
,,,,,,﹣,,,,,
,,,,,,,0.121,,,,
,,,,,,,0.066,,,,
,,,,,,,0.380,,,,
,,,,,,,,,,,
,,,,,,,,,,,
,,,,,,,,,,,
,,,,,,,,0.120,,,
,,,,,,,,0.066,,,
,,,,,,,,0.250,,,
,,,,,,,,,0.119,,
,,,,,,,,,0.066,,
,,,,,,,,,﹣,,
,,,,,,,,,0.250,,
,,,,,,,,,,0.120,
,,,,,,,,,,0.200,
,,,,,,,,,,0.066,
,,,,,,,,,,﹣,
,,,,,,,,,,0.370,
,,,,,,,,,,﹣,
,,,,,,,,,,5.280,
,,,,,,,,,,,
,,,,,,,,,,,
,,,,,,,,,,,
,,,,,,,,,,,
,,,,,,,,,,,
,,,,,,,,,,,
,,,,,,,,,,,
,,,,,,,,,,,
,,,,,,,,,,,
,,,,,,,,,,,0.125
,,,,,,,,,,,﹣
,,,,,,,,,,,0.195
,,,,,,,,,,,0.066
,,,,,,,,,,,0.365
,,,,,,,,,,,1.000
,,,,,,,,,,,﹣
,,,,,,,,,,,0.370
,,,,,,,,,,,5.280
